run_number,framework,scenario,timestamp,metric_name,value,unit
1,Angular,initial-page-load,2025-12-14T00:26:13.266Z,fcp,124,ms
1,Angular,initial-page-load,2025-12-14T00:26:13.266Z,lcp,172,ms
1,Angular,initial-page-load,2025-12-14T00:26:13.266Z,cls,0,score
1,Angular,initial-page-load,2025-12-14T00:26:13.266Z,tti,42.5,ms
1,Angular,initial-page-load,2025-12-14T00:26:13.266Z,tbt,0,ms
1,Angular,initial-page-load,2025-12-14T00:26:13.266Z,initial_heap_size,37300000,bytes
1,Angular,initial-page-load,2025-12-14T00:26:13.266Z,initial_used_heap,18200000,bytes
1,Angular,initial-page-load,2025-12-14T00:26:13.266Z,request_count,57,count
1,Angular,initial-page-load,2025-12-14T00:26:13.266Z,total_bytes,501415,bytes
1,Angular,initial-page-load,2025-12-14T00:26:13.266Z,network_duration,1369,ms
1,Angular,initial-page-load,2025-12-14T00:26:13.266Z,largest_request,253122,bytes
1,Angular,initial-page-load,2025-12-14T00:26:13.266Z,avg_api_response_time,19,ms
1,Angular,initial-page-load,2025-12-14T00:26:13.266Z,total_navigation_time,652,ms
2,Angular,initial-page-load,2025-12-14T00:26:15.821Z,fcp,80,ms
2,Angular,initial-page-load,2025-12-14T00:26:15.821Z,lcp,80,ms
2,Angular,initial-page-load,2025-12-14T00:26:15.821Z,cls,0,score
2,Angular,initial-page-load,2025-12-14T00:26:15.821Z,tti,10,ms
2,Angular,initial-page-load,2025-12-14T00:26:15.821Z,tbt,0,ms
2,Angular,initial-page-load,2025-12-14T00:26:15.821Z,initial_heap_size,37300000,bytes
2,Angular,initial-page-load,2025-12-14T00:26:15.821Z,initial_used_heap,18200000,bytes
2,Angular,initial-page-load,2025-12-14T00:26:15.821Z,request_count,57,count
2,Angular,initial-page-load,2025-12-14T00:26:15.821Z,total_bytes,501415,bytes
2,Angular,initial-page-load,2025-12-14T00:26:15.821Z,network_duration,1404,ms
2,Angular,initial-page-load,2025-12-14T00:26:15.821Z,largest_request,253122,bytes
2,Angular,initial-page-load,2025-12-14T00:26:15.821Z,avg_api_response_time,15,ms
2,Angular,initial-page-load,2025-12-14T00:26:15.821Z,total_navigation_time,602,ms
3,Angular,initial-page-load,2025-12-14T00:26:18.282Z,fcp,76,ms
3,Angular,initial-page-load,2025-12-14T00:26:18.282Z,lcp,76,ms
3,Angular,initial-page-load,2025-12-14T00:26:18.282Z,cls,0,score
3,Angular,initial-page-load,2025-12-14T00:26:18.282Z,tti,9.39999999999418,ms
3,Angular,initial-page-load,2025-12-14T00:26:18.282Z,tbt,0,ms
3,Angular,initial-page-load,2025-12-14T00:26:18.282Z,initial_heap_size,37300000,bytes
3,Angular,initial-page-load,2025-12-14T00:26:18.282Z,initial_used_heap,18200000,bytes
3,Angular,initial-page-load,2025-12-14T00:26:18.282Z,request_count,57,count
3,Angular,initial-page-load,2025-12-14T00:26:18.282Z,total_bytes,501415,bytes
3,Angular,initial-page-load,2025-12-14T00:26:18.282Z,network_duration,1303,ms
3,Angular,initial-page-load,2025-12-14T00:26:18.282Z,largest_request,253122,bytes
3,Angular,initial-page-load,2025-12-14T00:26:18.282Z,avg_api_response_time,16,ms
3,Angular,initial-page-load,2025-12-14T00:26:18.282Z,total_navigation_time,600,ms
4,Angular,initial-page-load,2025-12-14T00:26:20.696Z,fcp,80,ms
4,Angular,initial-page-load,2025-12-14T00:26:20.696Z,lcp,80,ms
4,Angular,initial-page-load,2025-12-14T00:26:20.696Z,cls,0,score
4,Angular,initial-page-load,2025-12-14T00:26:20.696Z,tti,10.39999999999418,ms
4,Angular,initial-page-load,2025-12-14T00:26:20.696Z,tbt,0,ms
4,Angular,initial-page-load,2025-12-14T00:26:20.696Z,initial_heap_size,37300000,bytes
4,Angular,initial-page-load,2025-12-14T00:26:20.696Z,initial_used_heap,17100000,bytes
4,Angular,initial-page-load,2025-12-14T00:26:20.696Z,request_count,57,count
4,Angular,initial-page-load,2025-12-14T00:26:20.696Z,total_bytes,501415,bytes
4,Angular,initial-page-load,2025-12-14T00:26:20.696Z,network_duration,1238,ms
4,Angular,initial-page-load,2025-12-14T00:26:20.696Z,largest_request,253122,bytes
4,Angular,initial-page-load,2025-12-14T00:26:20.696Z,avg_api_response_time,2,ms
4,Angular,initial-page-load,2025-12-14T00:26:20.696Z,total_navigation_time,585,ms
5,Angular,initial-page-load,2025-12-14T00:26:23.113Z,fcp,80,ms
5,Angular,initial-page-load,2025-12-14T00:26:23.113Z,lcp,80,ms
5,Angular,initial-page-load,2025-12-14T00:26:23.113Z,cls,0,score
5,Angular,initial-page-load,2025-12-14T00:26:23.113Z,tti,22.10000000000582,ms
5,Angular,initial-page-load,2025-12-14T00:26:23.113Z,tbt,0,ms
5,Angular,initial-page-load,2025-12-14T00:26:23.113Z,initial_heap_size,35100000,bytes
5,Angular,initial-page-load,2025-12-14T00:26:23.113Z,initial_used_heap,18200000,bytes
5,Angular,initial-page-load,2025-12-14T00:26:23.113Z,request_count,57,count
5,Angular,initial-page-load,2025-12-14T00:26:23.113Z,total_bytes,501415,bytes
5,Angular,initial-page-load,2025-12-14T00:26:23.113Z,network_duration,1286,ms
5,Angular,initial-page-load,2025-12-14T00:26:23.113Z,largest_request,253122,bytes
5,Angular,initial-page-load,2025-12-14T00:26:23.113Z,avg_api_response_time,1,ms
5,Angular,initial-page-load,2025-12-14T00:26:23.113Z,total_navigation_time,586,ms
1,Angular,filter-application,2025-12-14T00:26:26.057Z,filter_duration,139.20000000001164,ms
1,Angular,filter-application,2025-12-14T00:26:26.057Z,total_filter_time,136,ms
1,Angular,filter-application,2025-12-14T00:26:26.057Z,memory_delta,0,bytes
1,Angular,filter-application,2025-12-14T00:26:26.057Z,filtered_row_count,11,count
1,Angular,filter-application,2025-12-14T00:26:26.057Z,js_execution_time,139.20000000001164,ms
2,Angular,filter-application,2025-12-14T00:26:28.755Z,filter_duration,114.39999999999418,ms
2,Angular,filter-application,2025-12-14T00:26:28.755Z,total_filter_time,105,ms
2,Angular,filter-application,2025-12-14T00:26:28.755Z,memory_delta,0,bytes
2,Angular,filter-application,2025-12-14T00:26:28.755Z,filtered_row_count,11,count
2,Angular,filter-application,2025-12-14T00:26:28.755Z,js_execution_time,114.39999999999418,ms
3,Angular,filter-application,2025-12-14T00:26:31.421Z,filter_duration,103.89999999999418,ms
3,Angular,filter-application,2025-12-14T00:26:31.421Z,total_filter_time,100,ms
3,Angular,filter-application,2025-12-14T00:26:31.421Z,memory_delta,0,bytes
3,Angular,filter-application,2025-12-14T00:26:31.421Z,filtered_row_count,11,count
3,Angular,filter-application,2025-12-14T00:26:31.421Z,js_execution_time,103.89999999999418,ms
4,Angular,filter-application,2025-12-14T00:26:34.144Z,filter_duration,112.39999999999418,ms
4,Angular,filter-application,2025-12-14T00:26:34.144Z,total_filter_time,112,ms
4,Angular,filter-application,2025-12-14T00:26:34.144Z,memory_delta,0,bytes
4,Angular,filter-application,2025-12-14T00:26:34.144Z,filtered_row_count,11,count
4,Angular,filter-application,2025-12-14T00:26:34.144Z,js_execution_time,112.39999999999418,ms
5,Angular,filter-application,2025-12-14T00:26:36.861Z,filter_duration,108.29999999998836,ms
5,Angular,filter-application,2025-12-14T00:26:36.861Z,total_filter_time,105,ms
5,Angular,filter-application,2025-12-14T00:26:36.861Z,memory_delta,0,bytes
5,Angular,filter-application,2025-12-14T00:26:36.861Z,filtered_row_count,11,count
5,Angular,filter-application,2025-12-14T00:26:36.861Z,js_execution_time,108.29999999998836,ms
1,Angular,clear-filters,2025-12-14T00:26:40.855Z,clear_duration,503.3999999999942,ms
1,Angular,clear-filters,2025-12-14T00:26:40.855Z,total_clear_time,425,ms
1,Angular,clear-filters,2025-12-14T00:26:40.855Z,memory_delta,0,bytes
1,Angular,clear-filters,2025-12-14T00:26:40.855Z,restored_row_count,50,count
2,Angular,clear-filters,2025-12-14T00:26:44.532Z,clear_duration,475.29999999998836,ms
2,Angular,clear-filters,2025-12-14T00:26:44.532Z,total_clear_time,396,ms
2,Angular,clear-filters,2025-12-14T00:26:44.532Z,memory_delta,0,bytes
2,Angular,clear-filters,2025-12-14T00:26:44.532Z,restored_row_count,50,count
3,Angular,clear-filters,2025-12-14T00:26:48.367Z,clear_duration,677.1000000000058,ms
3,Angular,clear-filters,2025-12-14T00:26:48.367Z,total_clear_time,591,ms
3,Angular,clear-filters,2025-12-14T00:26:48.367Z,memory_delta,0,bytes
3,Angular,clear-filters,2025-12-14T00:26:48.367Z,restored_row_count,50,count
4,Angular,clear-filters,2025-12-14T00:26:52.503Z,clear_duration,734.3999999999942,ms
4,Angular,clear-filters,2025-12-14T00:26:52.503Z,total_clear_time,646,ms
4,Angular,clear-filters,2025-12-14T00:26:52.503Z,memory_delta,0,bytes
4,Angular,clear-filters,2025-12-14T00:26:52.503Z,restored_row_count,50,count
5,Angular,clear-filters,2025-12-14T00:26:56.750Z,clear_duration,683.6000000000058,ms
5,Angular,clear-filters,2025-12-14T00:26:56.750Z,total_clear_time,597,ms
5,Angular,clear-filters,2025-12-14T00:26:56.750Z,memory_delta,0,bytes
5,Angular,clear-filters,2025-12-14T00:26:56.750Z,restored_row_count,50,count
1,Angular,expand-collapse-description,2025-12-14T00:27:00.266Z,expand_duration,115.60000000000582,ms
1,Angular,expand-collapse-description,2025-12-14T00:27:00.266Z,expand_total_time,114,ms
1,Angular,expand-collapse-description,2025-12-14T00:27:00.266Z,expand_cls_delta,0.000001980251736111111,score
1,Angular,expand-collapse-description,2025-12-14T00:27:00.266Z,collapse_duration,105.5,ms
1,Angular,expand-collapse-description,2025-12-14T00:27:00.266Z,collapse_total_time,105,ms
1,Angular,expand-collapse-description,2025-12-14T00:27:00.266Z,collapse_cls_delta,0.000001980251736111111,score
2,Angular,expand-collapse-description,2025-12-14T00:27:03.306Z,expand_duration,106.60000000000582,ms
2,Angular,expand-collapse-description,2025-12-14T00:27:03.306Z,expand_total_time,105,ms
2,Angular,expand-collapse-description,2025-12-14T00:27:03.306Z,expand_cls_delta,0.000001980251736111111,score
2,Angular,expand-collapse-description,2025-12-14T00:27:03.306Z,collapse_duration,105,ms
2,Angular,expand-collapse-description,2025-12-14T00:27:03.306Z,collapse_total_time,103,ms
2,Angular,expand-collapse-description,2025-12-14T00:27:03.306Z,collapse_cls_delta,0.000001980251736111111,score
3,Angular,expand-collapse-description,2025-12-14T00:27:06.381Z,expand_duration,105.5,ms
3,Angular,expand-collapse-description,2025-12-14T00:27:06.381Z,expand_total_time,104,ms
3,Angular,expand-collapse-description,2025-12-14T00:27:06.381Z,expand_cls_delta,0.000001980251736111111,score
3,Angular,expand-collapse-description,2025-12-14T00:27:06.381Z,collapse_duration,104.10000000000582,ms
3,Angular,expand-collapse-description,2025-12-14T00:27:06.381Z,collapse_total_time,103,ms
3,Angular,expand-collapse-description,2025-12-14T00:27:06.381Z,collapse_cls_delta,0.000001980251736111111,score
4,Angular,expand-collapse-description,2025-12-14T00:27:09.529Z,expand_duration,116.90000000002328,ms
4,Angular,expand-collapse-description,2025-12-14T00:27:09.529Z,expand_total_time,115,ms
4,Angular,expand-collapse-description,2025-12-14T00:27:09.529Z,expand_cls_delta,0.000001980251736111111,score
4,Angular,expand-collapse-description,2025-12-14T00:27:09.529Z,collapse_duration,106.29999999998836,ms
4,Angular,expand-collapse-description,2025-12-14T00:27:09.529Z,collapse_total_time,104,ms
4,Angular,expand-collapse-description,2025-12-14T00:27:09.529Z,collapse_cls_delta,0.000001980251736111111,score
5,Angular,expand-collapse-description,2025-12-14T00:27:12.420Z,expand_duration,106.20000000001164,ms
5,Angular,expand-collapse-description,2025-12-14T00:27:12.420Z,expand_total_time,105,ms
5,Angular,expand-collapse-description,2025-12-14T00:27:12.420Z,expand_cls_delta,0.000001980251736111111,score
5,Angular,expand-collapse-description,2025-12-14T00:27:12.420Z,collapse_duration,104.5,ms
5,Angular,expand-collapse-description,2025-12-14T00:27:12.420Z,collapse_total_time,102,ms
5,Angular,expand-collapse-description,2025-12-14T00:27:12.420Z,collapse_cls_delta,0.000001980251736111111,score
1,Angular,navigate-to-detail,2025-12-14T00:27:16.550Z,total_navigation_time,213,ms
1,Angular,navigate-to-detail,2025-12-14T00:27:16.550Z,detail_lcp,80,ms
1,Angular,navigate-to-detail,2025-12-14T00:27:16.550Z,detail_cls,0,score
1,Angular,navigate-to-detail,2025-12-14T00:27:16.550Z,memory_delta,0,bytes
1,Angular,navigate-to-detail,2025-12-14T00:27:16.550Z,detail_request_count,4,count
1,Angular,navigate-to-detail,2025-12-14T00:27:16.550Z,detail_total_bytes,43674,bytes
2,Angular,navigate-to-detail,2025-12-14T00:27:20.507Z,total_navigation_time,184,ms
2,Angular,navigate-to-detail,2025-12-14T00:27:20.507Z,detail_lcp,84,ms
2,Angular,navigate-to-detail,2025-12-14T00:27:20.507Z,detail_cls,0,score
2,Angular,navigate-to-detail,2025-12-14T00:27:20.507Z,memory_delta,0,bytes
2,Angular,navigate-to-detail,2025-12-14T00:27:20.507Z,detail_request_count,4,count
2,Angular,navigate-to-detail,2025-12-14T00:27:20.507Z,detail_total_bytes,43674,bytes
3,Angular,navigate-to-detail,2025-12-14T00:27:24.499Z,total_navigation_time,211,ms
3,Angular,navigate-to-detail,2025-12-14T00:27:24.499Z,detail_lcp,80,ms
3,Angular,navigate-to-detail,2025-12-14T00:27:24.499Z,detail_cls,0,score
3,Angular,navigate-to-detail,2025-12-14T00:27:24.499Z,memory_delta,0,bytes
3,Angular,navigate-to-detail,2025-12-14T00:27:24.499Z,detail_request_count,4,count
3,Angular,navigate-to-detail,2025-12-14T00:27:24.499Z,detail_total_bytes,43674,bytes
4,Angular,navigate-to-detail,2025-12-14T00:27:28.264Z,total_navigation_time,103,ms
4,Angular,navigate-to-detail,2025-12-14T00:27:28.264Z,detail_lcp,84,ms
4,Angular,navigate-to-detail,2025-12-14T00:27:28.264Z,detail_cls,0,score
4,Angular,navigate-to-detail,2025-12-14T00:27:28.264Z,memory_delta,0,bytes
4,Angular,navigate-to-detail,2025-12-14T00:27:28.264Z,detail_request_count,4,count
4,Angular,navigate-to-detail,2025-12-14T00:27:28.264Z,detail_total_bytes,43674,bytes
5,Angular,navigate-to-detail,2025-12-14T00:27:32.190Z,total_navigation_time,190,ms
5,Angular,navigate-to-detail,2025-12-14T00:27:32.190Z,detail_lcp,128,ms
5,Angular,navigate-to-detail,2025-12-14T00:27:32.190Z,detail_cls,0,score
5,Angular,navigate-to-detail,2025-12-14T00:27:32.190Z,memory_delta,0,bytes
5,Angular,navigate-to-detail,2025-12-14T00:27:32.190Z,detail_request_count,4,count
5,Angular,navigate-to-detail,2025-12-14T00:27:32.190Z,detail_total_bytes,43674,bytes
1,Angular,navigate-back-to-list,2025-12-14T00:27:38.497Z,total_back_navigation_time,1650,ms
1,Angular,navigate-back-to-list,2025-12-14T00:27:38.497Z,rendered_row_count,50,count
1,Angular,navigate-back-to-list,2025-12-14T00:27:38.497Z,memory_delta,0,bytes
2,Angular,navigate-back-to-list,2025-12-14T00:27:44.675Z,total_back_navigation_time,1639,ms
2,Angular,navigate-back-to-list,2025-12-14T00:27:44.675Z,rendered_row_count,50,count
2,Angular,navigate-back-to-list,2025-12-14T00:27:44.675Z,memory_delta,0,bytes
3,Angular,navigate-back-to-list,2025-12-14T00:27:50.776Z,total_back_navigation_time,1627,ms
3,Angular,navigate-back-to-list,2025-12-14T00:27:50.776Z,rendered_row_count,50,count
3,Angular,navigate-back-to-list,2025-12-14T00:27:50.776Z,memory_delta,0,bytes
4,Angular,navigate-back-to-list,2025-12-14T00:27:56.140Z,total_back_navigation_time,1181,ms
4,Angular,navigate-back-to-list,2025-12-14T00:27:56.140Z,rendered_row_count,50,count
4,Angular,navigate-back-to-list,2025-12-14T00:27:56.140Z,memory_delta,0,bytes
5,Angular,navigate-back-to-list,2025-12-14T00:28:02.111Z,total_back_navigation_time,1634,ms
5,Angular,navigate-back-to-list,2025-12-14T00:28:02.111Z,rendered_row_count,50,count
5,Angular,navigate-back-to-list,2025-12-14T00:28:02.111Z,memory_delta,0,bytes
1,Angular,pagination-cycle,2025-12-14T00:28:07.250Z,page_transition_1_next,443,ms
1,Angular,pagination-cycle,2025-12-14T00:28:07.250Z,page_transition_1_next_js,486.4000000000233,ms
1,Angular,pagination-cycle,2025-12-14T00:28:07.250Z,page_transition_2_next,311,ms
1,Angular,pagination-cycle,2025-12-14T00:28:07.250Z,page_transition_2_next_js,330.20000000001164,ms
1,Angular,pagination-cycle,2025-12-14T00:28:07.250Z,page_transition_3_previous,322,ms
1,Angular,pagination-cycle,2025-12-14T00:28:07.250Z,page_transition_3_previous_js,340.70000000001164,ms
1,Angular,pagination-cycle,2025-12-14T00:28:07.250Z,page_transition_4_previous,330,ms
1,Angular,pagination-cycle,2025-12-14T00:28:07.250Z,page_transition_4_previous_js,352.5,ms
1,Angular,pagination-cycle,2025-12-14T00:28:07.250Z,total_cycle_time,1797,ms
1,Angular,pagination-cycle,2025-12-14T00:28:07.250Z,total_cycle_js_time,1818.7999999999884,ms
1,Angular,pagination-cycle,2025-12-14T00:28:07.250Z,avg_page_transition,351.5,ms
1,Angular,pagination-cycle,2025-12-14T00:28:07.250Z,min_page_transition,311,ms
1,Angular,pagination-cycle,2025-12-14T00:28:07.250Z,max_page_transition,443,ms
1,Angular,pagination-cycle,2025-12-14T00:28:07.250Z,avg_api_response_time,25.5,ms
1,Angular,pagination-cycle,2025-12-14T00:28:07.250Z,total_api_requests,4,count
1,Angular,pagination-cycle,2025-12-14T00:28:07.250Z,total_network_bytes,277755,bytes
1,Angular,pagination-cycle,2025-12-14T00:28:07.250Z,memory_delta,0,bytes
2,Angular,pagination-cycle,2025-12-14T00:28:11.930Z,page_transition_1_next,383,ms
2,Angular,pagination-cycle,2025-12-14T00:28:11.930Z,page_transition_1_next_js,401.69999999995343,ms
2,Angular,pagination-cycle,2025-12-14T00:28:11.930Z,page_transition_2_next,344,ms
2,Angular,pagination-cycle,2025-12-14T00:28:11.930Z,page_transition_2_next_js,362.0999999999767,ms
2,Angular,pagination-cycle,2025-12-14T00:28:11.930Z,page_transition_3_previous,309,ms
2,Angular,pagination-cycle,2025-12-14T00:28:11.930Z,page_transition_3_previous_js,328.70000000001164,ms
2,Angular,pagination-cycle,2025-12-14T00:28:11.930Z,page_transition_4_previous,323,ms
2,Angular,pagination-cycle,2025-12-14T00:28:11.930Z,page_transition_4_previous_js,338.80000000004657,ms
2,Angular,pagination-cycle,2025-12-14T00:28:11.930Z,total_cycle_time,1690,ms
2,Angular,pagination-cycle,2025-12-14T00:28:11.930Z,total_cycle_js_time,1713.2999999999884,ms
2,Angular,pagination-cycle,2025-12-14T00:28:11.930Z,avg_page_transition,339.75,ms
2,Angular,pagination-cycle,2025-12-14T00:28:11.930Z,min_page_transition,309,ms
2,Angular,pagination-cycle,2025-12-14T00:28:11.930Z,max_page_transition,383,ms
2,Angular,pagination-cycle,2025-12-14T00:28:11.930Z,avg_api_response_time,24.25,ms
2,Angular,pagination-cycle,2025-12-14T00:28:11.930Z,total_api_requests,4,count
2,Angular,pagination-cycle,2025-12-14T00:28:11.930Z,total_network_bytes,277755,bytes
2,Angular,pagination-cycle,2025-12-14T00:28:11.930Z,memory_delta,0,bytes
3,Angular,pagination-cycle,2025-12-14T00:28:16.467Z,page_transition_1_next,368,ms
3,Angular,pagination-cycle,2025-12-14T00:28:16.467Z,page_transition_1_next_js,384.4000000000233,ms
3,Angular,pagination-cycle,2025-12-14T00:28:16.467Z,page_transition_2_next,315,ms
3,Angular,pagination-cycle,2025-12-14T00:28:16.467Z,page_transition_2_next_js,331.5,ms
3,Angular,pagination-cycle,2025-12-14T00:28:16.467Z,page_transition_3_previous,316,ms
3,Angular,pagination-cycle,2025-12-14T00:28:16.467Z,page_transition_3_previous_js,335.3999999999651,ms
3,Angular,pagination-cycle,2025-12-14T00:28:16.467Z,page_transition_4_previous,333,ms
3,Angular,pagination-cycle,2025-12-14T00:28:16.467Z,page_transition_4_previous_js,353.3999999999651,ms
3,Angular,pagination-cycle,2025-12-14T00:28:16.467Z,total_cycle_time,1675,ms
3,Angular,pagination-cycle,2025-12-14T00:28:16.467Z,total_cycle_js_time,1694.5,ms
3,Angular,pagination-cycle,2025-12-14T00:28:16.467Z,avg_page_transition,333,ms
3,Angular,pagination-cycle,2025-12-14T00:28:16.467Z,min_page_transition,315,ms
3,Angular,pagination-cycle,2025-12-14T00:28:16.467Z,max_page_transition,368,ms
3,Angular,pagination-cycle,2025-12-14T00:28:16.467Z,avg_api_response_time,19.75,ms
3,Angular,pagination-cycle,2025-12-14T00:28:16.467Z,total_api_requests,4,count
3,Angular,pagination-cycle,2025-12-14T00:28:16.467Z,total_network_bytes,277755,bytes
3,Angular,pagination-cycle,2025-12-14T00:28:16.467Z,memory_delta,0,bytes
4,Angular,pagination-cycle,2025-12-14T00:28:20.665Z,page_transition_1_next,289,ms
4,Angular,pagination-cycle,2025-12-14T00:28:20.665Z,page_transition_1_next_js,313.69999999995343,ms
4,Angular,pagination-cycle,2025-12-14T00:28:20.665Z,page_transition_2_next,283,ms
4,Angular,pagination-cycle,2025-12-14T00:28:20.665Z,page_transition_2_next_js,299.20000000001164,ms
4,Angular,pagination-cycle,2025-12-14T00:28:20.665Z,page_transition_3_previous,305,ms
4,Angular,pagination-cycle,2025-12-14T00:28:20.665Z,page_transition_3_previous_js,322.5999999999767,ms
4,Angular,pagination-cycle,2025-12-14T00:28:20.665Z,page_transition_4_previous,329,ms
4,Angular,pagination-cycle,2025-12-14T00:28:20.665Z,page_transition_4_previous_js,350.70000000001164,ms
4,Angular,pagination-cycle,2025-12-14T00:28:20.665Z,total_cycle_time,1559,ms
4,Angular,pagination-cycle,2025-12-14T00:28:20.665Z,total_cycle_js_time,1579.2999999999884,ms
4,Angular,pagination-cycle,2025-12-14T00:28:20.665Z,avg_page_transition,301.5,ms
4,Angular,pagination-cycle,2025-12-14T00:28:20.665Z,min_page_transition,283,ms
4,Angular,pagination-cycle,2025-12-14T00:28:20.665Z,max_page_transition,329,ms
4,Angular,pagination-cycle,2025-12-14T00:28:20.665Z,avg_api_response_time,0,ms
4,Angular,pagination-cycle,2025-12-14T00:28:20.665Z,total_api_requests,4,count
4,Angular,pagination-cycle,2025-12-14T00:28:20.665Z,total_network_bytes,277755,bytes
4,Angular,pagination-cycle,2025-12-14T00:28:20.665Z,memory_delta,0,bytes
5,Angular,pagination-cycle,2025-12-14T00:28:24.797Z,page_transition_1_next,358,ms
5,Angular,pagination-cycle,2025-12-14T00:28:24.797Z,page_transition_1_next_js,379.4000000000233,ms
5,Angular,pagination-cycle,2025-12-14T00:28:24.797Z,page_transition_2_next,279,ms
5,Angular,pagination-cycle,2025-12-14T00:28:24.797Z,page_transition_2_next_js,297.4000000000233,ms
5,Angular,pagination-cycle,2025-12-14T00:28:24.797Z,page_transition_3_previous,285,ms
5,Angular,pagination-cycle,2025-12-14T00:28:24.797Z,page_transition_3_previous_js,302.1000000000349,ms
5,Angular,pagination-cycle,2025-12-14T00:28:24.797Z,page_transition_4_previous,314,ms
5,Angular,pagination-cycle,2025-12-14T00:28:24.797Z,page_transition_4_previous_js,332.79999999998836,ms
5,Angular,pagination-cycle,2025-12-14T00:28:24.797Z,total_cycle_time,1586,ms
5,Angular,pagination-cycle,2025-12-14T00:28:24.797Z,total_cycle_js_time,1590.899999999965,ms
5,Angular,pagination-cycle,2025-12-14T00:28:24.797Z,avg_page_transition,309,ms
5,Angular,pagination-cycle,2025-12-14T00:28:24.797Z,min_page_transition,279,ms
5,Angular,pagination-cycle,2025-12-14T00:28:24.797Z,max_page_transition,358,ms
5,Angular,pagination-cycle,2025-12-14T00:28:24.797Z,avg_api_response_time,17.75,ms
5,Angular,pagination-cycle,2025-12-14T00:28:24.797Z,total_api_requests,4,count
5,Angular,pagination-cycle,2025-12-14T00:28:24.797Z,total_network_bytes,277755,bytes
5,Angular,pagination-cycle,2025-12-14T00:28:24.797Z,memory_delta,0,bytes
1,Angular,detail-navigation-cycle,2025-12-14T00:28:27.715Z,initial_detail_load,669,ms
1,Angular,detail-navigation-cycle,2025-12-14T00:28:27.715Z,next_navigation_time,24,ms
1,Angular,detail-navigation-cycle,2025-12-14T00:28:27.715Z,next_navigation_js,27.29999999998836,ms
1,Angular,detail-navigation-cycle,2025-12-14T00:28:27.715Z,prev_navigation_time,15,ms
1,Angular,detail-navigation-cycle,2025-12-14T00:28:27.715Z,prev_navigation_js,18,ms
1,Angular,detail-navigation-cycle,2025-12-14T00:28:27.715Z,total_cycle_time,353,ms
1,Angular,detail-navigation-cycle,2025-12-14T00:28:27.715Z,total_cycle_js_time,354.1000000000349,ms
1,Angular,detail-navigation-cycle,2025-12-14T00:28:27.715Z,avg_navigation_time,19.5,ms
1,Angular,detail-navigation-cycle,2025-12-14T00:28:27.715Z,avg_api_response_time,2.25,ms
1,Angular,detail-navigation-cycle,2025-12-14T00:28:27.715Z,total_api_requests,5,count
1,Angular,detail-navigation-cycle,2025-12-14T00:28:27.715Z,total_network_bytes,19742,bytes
1,Angular,detail-navigation-cycle,2025-12-14T00:28:27.715Z,memory_delta,0,bytes
2,Angular,detail-navigation-cycle,2025-12-14T00:28:30.359Z,initial_detail_load,674,ms
2,Angular,detail-navigation-cycle,2025-12-14T00:28:30.359Z,next_navigation_time,23,ms
2,Angular,detail-navigation-cycle,2025-12-14T00:28:30.359Z,next_navigation_js,26.29999999998836,ms
2,Angular,detail-navigation-cycle,2025-12-14T00:28:30.359Z,prev_navigation_time,10,ms
2,Angular,detail-navigation-cycle,2025-12-14T00:28:30.359Z,prev_navigation_js,13.5,ms
2,Angular,detail-navigation-cycle,2025-12-14T00:28:30.359Z,total_cycle_time,348,ms
2,Angular,detail-navigation-cycle,2025-12-14T00:28:30.359Z,total_cycle_js_time,349.0999999999767,ms
2,Angular,detail-navigation-cycle,2025-12-14T00:28:30.359Z,avg_navigation_time,16.5,ms
2,Angular,detail-navigation-cycle,2025-12-14T00:28:30.359Z,avg_api_response_time,1.25,ms
2,Angular,detail-navigation-cycle,2025-12-14T00:28:30.359Z,total_api_requests,5,count
2,Angular,detail-navigation-cycle,2025-12-14T00:28:30.359Z,total_network_bytes,19742,bytes
2,Angular,detail-navigation-cycle,2025-12-14T00:28:30.359Z,memory_delta,0,bytes
3,Angular,detail-navigation-cycle,2025-12-14T00:28:33.024Z,initial_detail_load,671,ms
3,Angular,detail-navigation-cycle,2025-12-14T00:28:33.024Z,next_navigation_time,27,ms
3,Angular,detail-navigation-cycle,2025-12-14T00:28:33.024Z,next_navigation_js,31,ms
3,Angular,detail-navigation-cycle,2025-12-14T00:28:33.024Z,prev_navigation_time,25,ms
3,Angular,detail-navigation-cycle,2025-12-14T00:28:33.024Z,prev_navigation_js,26.29999999998836,ms
3,Angular,detail-navigation-cycle,2025-12-14T00:28:33.024Z,total_cycle_time,364,ms
3,Angular,detail-navigation-cycle,2025-12-14T00:28:33.024Z,total_cycle_js_time,366,ms
3,Angular,detail-navigation-cycle,2025-12-14T00:28:33.024Z,avg_navigation_time,26,ms
3,Angular,detail-navigation-cycle,2025-12-14T00:28:33.024Z,avg_api_response_time,1.25,ms
3,Angular,detail-navigation-cycle,2025-12-14T00:28:33.024Z,total_api_requests,5,count
3,Angular,detail-navigation-cycle,2025-12-14T00:28:33.024Z,total_network_bytes,19742,bytes
3,Angular,detail-navigation-cycle,2025-12-14T00:28:33.024Z,memory_delta,0,bytes
4,Angular,detail-navigation-cycle,2025-12-14T00:28:35.663Z,initial_detail_load,677,ms
4,Angular,detail-navigation-cycle,2025-12-14T00:28:35.663Z,next_navigation_time,19,ms
4,Angular,detail-navigation-cycle,2025-12-14T00:28:35.663Z,next_navigation_js,22.79999999998836,ms
4,Angular,detail-navigation-cycle,2025-12-14T00:28:35.663Z,prev_navigation_time,9,ms
4,Angular,detail-navigation-cycle,2025-12-14T00:28:35.663Z,prev_navigation_js,12.899999999965075,ms
4,Angular,detail-navigation-cycle,2025-12-14T00:28:35.663Z,total_cycle_time,345,ms
4,Angular,detail-navigation-cycle,2025-12-14T00:28:35.663Z,total_cycle_js_time,345.30000000004657,ms
4,Angular,detail-navigation-cycle,2025-12-14T00:28:35.663Z,avg_navigation_time,14,ms
4,Angular,detail-navigation-cycle,2025-12-14T00:28:35.663Z,avg_api_response_time,1.25,ms
4,Angular,detail-navigation-cycle,2025-12-14T00:28:35.663Z,total_api_requests,5,count
4,Angular,detail-navigation-cycle,2025-12-14T00:28:35.663Z,total_network_bytes,19742,bytes
4,Angular,detail-navigation-cycle,2025-12-14T00:28:35.663Z,memory_delta,0,bytes
5,Angular,detail-navigation-cycle,2025-12-14T00:28:38.307Z,initial_detail_load,673,ms
5,Angular,detail-navigation-cycle,2025-12-14T00:28:38.307Z,next_navigation_time,23,ms
5,Angular,detail-navigation-cycle,2025-12-14T00:28:38.307Z,next_navigation_js,25.70000000001164,ms
5,Angular,detail-navigation-cycle,2025-12-14T00:28:38.307Z,prev_navigation_time,11,ms
5,Angular,detail-navigation-cycle,2025-12-14T00:28:38.307Z,prev_navigation_js,14,ms
5,Angular,detail-navigation-cycle,2025-12-14T00:28:38.307Z,total_cycle_time,345,ms
5,Angular,detail-navigation-cycle,2025-12-14T00:28:38.307Z,total_cycle_js_time,346.79999999998836,ms
5,Angular,detail-navigation-cycle,2025-12-14T00:28:38.307Z,avg_navigation_time,17,ms
5,Angular,detail-navigation-cycle,2025-12-14T00:28:38.307Z,avg_api_response_time,2,ms
5,Angular,detail-navigation-cycle,2025-12-14T00:28:38.307Z,total_api_requests,5,count
5,Angular,detail-navigation-cycle,2025-12-14T00:28:38.307Z,total_network_bytes,19742,bytes
5,Angular,detail-navigation-cycle,2025-12-14T00:28:38.307Z,memory_delta,0,bytes
1,React,initial-page-load,2025-12-14T00:28:40.929Z,fcp,104,ms
1,React,initial-page-load,2025-12-14T00:28:40.929Z,lcp,104,ms
1,React,initial-page-load,2025-12-14T00:28:40.929Z,cls,0,score
1,React,initial-page-load,2025-12-14T00:28:40.929Z,tti,10.5,ms
1,React,initial-page-load,2025-12-14T00:28:40.929Z,tbt,0,ms
1,React,initial-page-load,2025-12-14T00:28:40.929Z,initial_heap_size,10600000,bytes
1,React,initial-page-load,2025-12-14T00:28:40.929Z,initial_used_heap,10000000,bytes
1,React,initial-page-load,2025-12-14T00:28:40.929Z,request_count,54,count
1,React,initial-page-load,2025-12-14T00:28:40.929Z,total_bytes,450978,bytes
1,React,initial-page-load,2025-12-14T00:28:40.929Z,network_duration,403,ms
1,React,initial-page-load,2025-12-14T00:28:40.929Z,largest_request,261746,bytes
1,React,initial-page-load,2025-12-14T00:28:40.929Z,avg_api_response_time,2,ms
1,React,initial-page-load,2025-12-14T00:28:40.929Z,total_navigation_time,904,ms
2,React,initial-page-load,2025-12-14T00:28:43.551Z,fcp,96,ms
2,React,initial-page-load,2025-12-14T00:28:43.551Z,lcp,96,ms
2,React,initial-page-load,2025-12-14T00:28:43.551Z,cls,0,score
2,React,initial-page-load,2025-12-14T00:28:43.551Z,tti,11,ms
2,React,initial-page-load,2025-12-14T00:28:43.551Z,tbt,0,ms
2,React,initial-page-load,2025-12-14T00:28:43.551Z,initial_heap_size,10600000,bytes
2,React,initial-page-load,2025-12-14T00:28:43.551Z,initial_used_heap,10000000,bytes
2,React,initial-page-load,2025-12-14T00:28:43.551Z,request_count,54,count
2,React,initial-page-load,2025-12-14T00:28:43.551Z,total_bytes,450978,bytes
2,React,initial-page-load,2025-12-14T00:28:43.551Z,network_duration,399,ms
2,React,initial-page-load,2025-12-14T00:28:43.551Z,largest_request,261746,bytes
2,React,initial-page-load,2025-12-14T00:28:43.551Z,avg_api_response_time,10,ms
2,React,initial-page-load,2025-12-14T00:28:43.551Z,total_navigation_time,901,ms
3,React,initial-page-load,2025-12-14T00:28:46.148Z,fcp,108,ms
3,React,initial-page-load,2025-12-14T00:28:46.148Z,lcp,108,ms
3,React,initial-page-load,2025-12-14T00:28:46.148Z,cls,0,score
3,React,initial-page-load,2025-12-14T00:28:46.148Z,tti,11,ms
3,React,initial-page-load,2025-12-14T00:28:46.148Z,tbt,0,ms
3,React,initial-page-load,2025-12-14T00:28:46.148Z,initial_heap_size,10600000,bytes
3,React,initial-page-load,2025-12-14T00:28:46.148Z,initial_used_heap,10000000,bytes
3,React,initial-page-load,2025-12-14T00:28:46.148Z,request_count,54,count
3,React,initial-page-load,2025-12-14T00:28:46.148Z,total_bytes,450978,bytes
3,React,initial-page-load,2025-12-14T00:28:46.148Z,network_duration,374,ms
3,React,initial-page-load,2025-12-14T00:28:46.148Z,largest_request,261746,bytes
3,React,initial-page-load,2025-12-14T00:28:46.148Z,avg_api_response_time,2,ms
3,React,initial-page-load,2025-12-14T00:28:46.148Z,total_navigation_time,876,ms
4,React,initial-page-load,2025-12-14T00:28:48.766Z,fcp,108,ms
4,React,initial-page-load,2025-12-14T00:28:48.766Z,lcp,108,ms
4,React,initial-page-load,2025-12-14T00:28:48.766Z,cls,0,score
4,React,initial-page-load,2025-12-14T00:28:48.766Z,tti,11.5,ms
4,React,initial-page-load,2025-12-14T00:28:48.766Z,tbt,0,ms
4,React,initial-page-load,2025-12-14T00:28:48.766Z,initial_heap_size,10600000,bytes
4,React,initial-page-load,2025-12-14T00:28:48.766Z,initial_used_heap,10000000,bytes
4,React,initial-page-load,2025-12-14T00:28:48.766Z,request_count,54,count
4,React,initial-page-load,2025-12-14T00:28:48.766Z,total_bytes,450978,bytes
4,React,initial-page-load,2025-12-14T00:28:48.766Z,network_duration,394,ms
4,React,initial-page-load,2025-12-14T00:28:48.766Z,largest_request,261746,bytes
4,React,initial-page-load,2025-12-14T00:28:48.766Z,avg_api_response_time,23,ms
4,React,initial-page-load,2025-12-14T00:28:48.766Z,total_navigation_time,895,ms
5,React,initial-page-load,2025-12-14T00:28:51.387Z,fcp,96,ms
5,React,initial-page-load,2025-12-14T00:28:51.387Z,lcp,96,ms
5,React,initial-page-load,2025-12-14T00:28:51.387Z,cls,0,score
5,React,initial-page-load,2025-12-14T00:28:51.387Z,tti,10.599999999976717,ms
5,React,initial-page-load,2025-12-14T00:28:51.387Z,tbt,0,ms
5,React,initial-page-load,2025-12-14T00:28:51.387Z,initial_heap_size,10600000,bytes
5,React,initial-page-load,2025-12-14T00:28:51.387Z,initial_used_heap,10000000,bytes
5,React,initial-page-load,2025-12-14T00:28:51.387Z,request_count,54,count
5,React,initial-page-load,2025-12-14T00:28:51.387Z,total_bytes,450978,bytes
5,React,initial-page-load,2025-12-14T00:28:51.387Z,network_duration,401,ms
5,React,initial-page-load,2025-12-14T00:28:51.387Z,largest_request,261746,bytes
5,React,initial-page-load,2025-12-14T00:28:51.387Z,avg_api_response_time,1,ms
5,React,initial-page-load,2025-12-14T00:28:51.387Z,total_navigation_time,904,ms
1,React,filter-application,2025-12-14T00:28:54.608Z,filter_duration,140.79999999998836,ms
1,React,filter-application,2025-12-14T00:28:54.608Z,total_filter_time,132,ms
1,React,filter-application,2025-12-14T00:28:54.608Z,memory_delta,0,bytes
1,React,filter-application,2025-12-14T00:28:54.608Z,filtered_row_count,11,count
1,React,filter-application,2025-12-14T00:28:54.608Z,js_execution_time,140.79999999998836,ms
2,React,filter-application,2025-12-14T00:28:57.470Z,filter_duration,99.39999999996508,ms
2,React,filter-application,2025-12-14T00:28:57.470Z,total_filter_time,98,ms
2,React,filter-application,2025-12-14T00:28:57.470Z,memory_delta,0,bytes
2,React,filter-application,2025-12-14T00:28:57.470Z,filtered_row_count,11,count
2,React,filter-application,2025-12-14T00:28:57.470Z,js_execution_time,99.39999999996508,ms
3,React,filter-application,2025-12-14T00:29:00.287Z,filter_duration,90.69999999995343,ms
3,React,filter-application,2025-12-14T00:29:00.287Z,total_filter_time,90,ms
3,React,filter-application,2025-12-14T00:29:00.287Z,memory_delta,0,bytes
3,React,filter-application,2025-12-14T00:29:00.287Z,filtered_row_count,11,count
3,React,filter-application,2025-12-14T00:29:00.287Z,js_execution_time,90.69999999995343,ms
4,React,filter-application,2025-12-14T00:29:03.085Z,filter_duration,92.40000000002328,ms
4,React,filter-application,2025-12-14T00:29:03.085Z,total_filter_time,92,ms
4,React,filter-application,2025-12-14T00:29:03.085Z,memory_delta,0,bytes
4,React,filter-application,2025-12-14T00:29:03.085Z,filtered_row_count,11,count
4,React,filter-application,2025-12-14T00:29:03.085Z,js_execution_time,92.40000000002328,ms
5,React,filter-application,2025-12-14T00:29:05.921Z,filter_duration,85.5,ms
5,React,filter-application,2025-12-14T00:29:05.921Z,total_filter_time,84,ms
5,React,filter-application,2025-12-14T00:29:05.921Z,memory_delta,0,bytes
5,React,filter-application,2025-12-14T00:29:05.921Z,filtered_row_count,11,count
5,React,filter-application,2025-12-14T00:29:05.921Z,js_execution_time,85.5,ms
1,React,clear-filters,2025-12-14T00:29:09.850Z,clear_duration,355.3999999999651,ms
1,React,clear-filters,2025-12-14T00:29:09.850Z,total_clear_time,334,ms
1,React,clear-filters,2025-12-14T00:29:09.850Z,memory_delta,0,bytes
1,React,clear-filters,2025-12-14T00:29:09.850Z,restored_row_count,50,count
2,React,clear-filters,2025-12-14T00:29:13.543Z,clear_duration,355.20000000001164,ms
2,React,clear-filters,2025-12-14T00:29:13.543Z,total_clear_time,326,ms
2,React,clear-filters,2025-12-14T00:29:13.543Z,memory_delta,0,bytes
2,React,clear-filters,2025-12-14T00:29:13.543Z,restored_row_count,50,count
3,React,clear-filters,2025-12-14T00:29:17.336Z,clear_duration,414.29999999998836,ms
3,React,clear-filters,2025-12-14T00:29:17.336Z,total_clear_time,394,ms
3,React,clear-filters,2025-12-14T00:29:17.336Z,memory_delta,0,bytes
3,React,clear-filters,2025-12-14T00:29:17.336Z,restored_row_count,50,count
4,React,clear-filters,2025-12-14T00:29:21.028Z,clear_duration,319,ms
4,React,clear-filters,2025-12-14T00:29:21.028Z,total_clear_time,300,ms
4,React,clear-filters,2025-12-14T00:29:21.028Z,memory_delta,0,bytes
4,React,clear-filters,2025-12-14T00:29:21.028Z,restored_row_count,50,count
5,React,clear-filters,2025-12-14T00:29:24.767Z,clear_duration,352,ms
5,React,clear-filters,2025-12-14T00:29:24.767Z,total_clear_time,330,ms
5,React,clear-filters,2025-12-14T00:29:24.767Z,memory_delta,0,bytes
5,React,clear-filters,2025-12-14T00:29:24.767Z,restored_row_count,50,count
1,React,expand-collapse-description,2025-12-14T00:29:28.064Z,expand_duration,103.59999999997672,ms
1,React,expand-collapse-description,2025-12-14T00:29:28.064Z,expand_total_time,102,ms
1,React,expand-collapse-description,2025-12-14T00:29:28.064Z,expand_cls_delta,0.000001980251736111111,score
1,React,expand-collapse-description,2025-12-14T00:29:28.064Z,collapse_duration,105,ms
1,React,expand-collapse-description,2025-12-14T00:29:28.064Z,collapse_total_time,103,ms
1,React,expand-collapse-description,2025-12-14T00:29:28.064Z,collapse_cls_delta,0.000001980251736111111,score
2,React,expand-collapse-description,2025-12-14T00:29:31.021Z,expand_duration,104.10000000003492,ms
2,React,expand-collapse-description,2025-12-14T00:29:31.021Z,expand_total_time,103,ms
2,React,expand-collapse-description,2025-12-14T00:29:31.021Z,expand_cls_delta,0.000001980251736111111,score
2,React,expand-collapse-description,2025-12-14T00:29:31.021Z,collapse_duration,104.09999999997672,ms
2,React,expand-collapse-description,2025-12-14T00:29:31.021Z,collapse_total_time,103,ms
2,React,expand-collapse-description,2025-12-14T00:29:31.021Z,collapse_cls_delta,0.000001980251736111111,score
3,React,expand-collapse-description,2025-12-14T00:29:33.999Z,expand_duration,103.70000000001164,ms
3,React,expand-collapse-description,2025-12-14T00:29:33.999Z,expand_total_time,102,ms
3,React,expand-collapse-description,2025-12-14T00:29:33.999Z,expand_cls_delta,0.000001980251736111111,score
3,React,expand-collapse-description,2025-12-14T00:29:33.999Z,collapse_duration,103.80000000004657,ms
3,React,expand-collapse-description,2025-12-14T00:29:33.999Z,collapse_total_time,102,ms
3,React,expand-collapse-description,2025-12-14T00:29:33.999Z,collapse_cls_delta,0.000001980251736111111,score
4,React,expand-collapse-description,2025-12-14T00:29:36.996Z,expand_duration,104.10000000003492,ms
4,React,expand-collapse-description,2025-12-14T00:29:36.996Z,expand_total_time,103,ms
4,React,expand-collapse-description,2025-12-14T00:29:36.996Z,expand_cls_delta,0.000001980251736111111,score
4,React,expand-collapse-description,2025-12-14T00:29:36.996Z,collapse_duration,104,ms
4,React,expand-collapse-description,2025-12-14T00:29:36.996Z,collapse_total_time,102,ms
4,React,expand-collapse-description,2025-12-14T00:29:36.996Z,collapse_cls_delta,0.000001980251736111111,score
5,React,expand-collapse-description,2025-12-14T00:29:39.963Z,expand_duration,107.19999999995343,ms
5,React,expand-collapse-description,2025-12-14T00:29:39.963Z,expand_total_time,104,ms
5,React,expand-collapse-description,2025-12-14T00:29:39.963Z,expand_cls_delta,0.000001980251736111111,score
5,React,expand-collapse-description,2025-12-14T00:29:39.963Z,collapse_duration,104.89999999996508,ms
5,React,expand-collapse-description,2025-12-14T00:29:39.963Z,collapse_total_time,104,ms
5,React,expand-collapse-description,2025-12-14T00:29:39.963Z,collapse_cls_delta,0.000001980251736111111,score
1,React,navigate-to-detail,2025-12-14T00:29:43.711Z,total_navigation_time,171,ms
1,React,navigate-to-detail,2025-12-14T00:29:43.711Z,detail_lcp,100,ms
1,React,navigate-to-detail,2025-12-14T00:29:43.711Z,detail_cls,0,score
1,React,navigate-to-detail,2025-12-14T00:29:43.711Z,memory_delta,0,bytes
1,React,navigate-to-detail,2025-12-14T00:29:43.711Z,detail_request_count,3,count
1,React,navigate-to-detail,2025-12-14T00:29:43.711Z,detail_total_bytes,23534,bytes
2,React,navigate-to-detail,2025-12-14T00:29:47.152Z,total_navigation_time,177,ms
2,React,navigate-to-detail,2025-12-14T00:29:47.152Z,detail_lcp,100,ms
2,React,navigate-to-detail,2025-12-14T00:29:47.152Z,detail_cls,0,score
2,React,navigate-to-detail,2025-12-14T00:29:47.152Z,memory_delta,0,bytes
2,React,navigate-to-detail,2025-12-14T00:29:47.152Z,detail_request_count,3,count
2,React,navigate-to-detail,2025-12-14T00:29:47.152Z,detail_total_bytes,23534,bytes
3,React,navigate-to-detail,2025-12-14T00:29:50.658Z,total_navigation_time,181,ms
3,React,navigate-to-detail,2025-12-14T00:29:50.658Z,detail_lcp,136,ms
3,React,navigate-to-detail,2025-12-14T00:29:50.658Z,detail_cls,0,score
3,React,navigate-to-detail,2025-12-14T00:29:50.658Z,memory_delta,0,bytes
3,React,navigate-to-detail,2025-12-14T00:29:50.658Z,detail_request_count,3,count
3,React,navigate-to-detail,2025-12-14T00:29:50.658Z,detail_total_bytes,23534,bytes
4,React,navigate-to-detail,2025-12-14T00:29:54.103Z,total_navigation_time,169,ms
4,React,navigate-to-detail,2025-12-14T00:29:54.103Z,detail_lcp,92,ms
4,React,navigate-to-detail,2025-12-14T00:29:54.103Z,detail_cls,0,score
4,React,navigate-to-detail,2025-12-14T00:29:54.103Z,memory_delta,0,bytes
4,React,navigate-to-detail,2025-12-14T00:29:54.103Z,detail_request_count,3,count
4,React,navigate-to-detail,2025-12-14T00:29:54.103Z,detail_total_bytes,23534,bytes
5,React,navigate-to-detail,2025-12-14T00:29:57.504Z,total_navigation_time,164,ms
5,React,navigate-to-detail,2025-12-14T00:29:57.504Z,detail_lcp,88,ms
5,React,navigate-to-detail,2025-12-14T00:29:57.504Z,detail_cls,0,score
5,React,navigate-to-detail,2025-12-14T00:29:57.504Z,memory_delta,0,bytes
5,React,navigate-to-detail,2025-12-14T00:29:57.504Z,detail_request_count,3,count
5,React,navigate-to-detail,2025-12-14T00:29:57.504Z,detail_total_bytes,23534,bytes
1,React,navigate-back-to-list,2025-12-14T00:30:01.898Z,total_back_navigation_time,199,ms
1,React,navigate-back-to-list,2025-12-14T00:30:01.898Z,rendered_row_count,50,count
1,React,navigate-back-to-list,2025-12-14T00:30:01.898Z,memory_delta,0,bytes
2,React,navigate-back-to-list,2025-12-14T00:30:05.982Z,total_back_navigation_time,197,ms
2,React,navigate-back-to-list,2025-12-14T00:30:05.982Z,rendered_row_count,50,count
2,React,navigate-back-to-list,2025-12-14T00:30:05.982Z,memory_delta,0,bytes
3,React,navigate-back-to-list,2025-12-14T00:30:10.035Z,total_back_navigation_time,190,ms
3,React,navigate-back-to-list,2025-12-14T00:30:10.035Z,rendered_row_count,50,count
3,React,navigate-back-to-list,2025-12-14T00:30:10.035Z,memory_delta,0,bytes
4,React,navigate-back-to-list,2025-12-14T00:30:14.082Z,total_back_navigation_time,181,ms
4,React,navigate-back-to-list,2025-12-14T00:30:14.082Z,rendered_row_count,50,count
4,React,navigate-back-to-list,2025-12-14T00:30:14.082Z,memory_delta,0,bytes
5,React,navigate-back-to-list,2025-12-14T00:30:18.143Z,total_back_navigation_time,206,ms
5,React,navigate-back-to-list,2025-12-14T00:30:18.143Z,rendered_row_count,50,count
5,React,navigate-back-to-list,2025-12-14T00:30:18.143Z,memory_delta,0,bytes
1,React,pagination-cycle,2025-12-14T00:30:22.901Z,page_transition_1_next,296,ms
1,React,pagination-cycle,2025-12-14T00:30:22.901Z,page_transition_1_next_js,322.5999999999767,ms
1,React,pagination-cycle,2025-12-14T00:30:22.901Z,page_transition_2_next,279,ms
1,React,pagination-cycle,2025-12-14T00:30:22.901Z,page_transition_2_next_js,370.20000000001164,ms
1,React,pagination-cycle,2025-12-14T00:30:22.901Z,page_transition_3_previous,310,ms
1,React,pagination-cycle,2025-12-14T00:30:22.901Z,page_transition_3_previous_js,339.30000000004657,ms
1,React,pagination-cycle,2025-12-14T00:30:22.901Z,page_transition_4_previous,341,ms
1,React,pagination-cycle,2025-12-14T00:30:22.901Z,page_transition_4_previous_js,359.5,ms
1,React,pagination-cycle,2025-12-14T00:30:22.901Z,total_cycle_time,1571,ms
1,React,pagination-cycle,2025-12-14T00:30:22.901Z,total_cycle_js_time,1590.2999999999884,ms
1,React,pagination-cycle,2025-12-14T00:30:22.901Z,avg_page_transition,306.5,ms
1,React,pagination-cycle,2025-12-14T00:30:22.901Z,min_page_transition,279,ms
1,React,pagination-cycle,2025-12-14T00:30:22.901Z,max_page_transition,341,ms
1,React,pagination-cycle,2025-12-14T00:30:22.901Z,avg_api_response_time,28,ms
1,React,pagination-cycle,2025-12-14T00:30:22.901Z,total_api_requests,4,count
1,React,pagination-cycle,2025-12-14T00:30:22.901Z,total_network_bytes,277755,bytes
1,React,pagination-cycle,2025-12-14T00:30:22.901Z,memory_delta,0,bytes
2,React,pagination-cycle,2025-12-14T00:30:27.313Z,page_transition_1_next,314,ms
2,React,pagination-cycle,2025-12-14T00:30:27.313Z,page_transition_1_next_js,341.9000000000233,ms
2,React,pagination-cycle,2025-12-14T00:30:27.313Z,page_transition_2_next,272,ms
2,React,pagination-cycle,2025-12-14T00:30:27.313Z,page_transition_2_next_js,273.1000000000349,ms
2,React,pagination-cycle,2025-12-14T00:30:27.313Z,page_transition_3_previous,330,ms
2,React,pagination-cycle,2025-12-14T00:30:27.313Z,page_transition_3_previous_js,415.29999999998836,ms
2,React,pagination-cycle,2025-12-14T00:30:27.313Z,page_transition_4_previous,308,ms
2,React,pagination-cycle,2025-12-14T00:30:27.313Z,page_transition_4_previous_js,334.4000000000233,ms
2,React,pagination-cycle,2025-12-14T00:30:27.313Z,total_cycle_time,1596,ms
2,React,pagination-cycle,2025-12-14T00:30:27.313Z,total_cycle_js_time,1599.7000000000116,ms
2,React,pagination-cycle,2025-12-14T00:30:27.313Z,avg_page_transition,306,ms
2,React,pagination-cycle,2025-12-14T00:30:27.313Z,min_page_transition,272,ms
2,React,pagination-cycle,2025-12-14T00:30:27.313Z,max_page_transition,330,ms
2,React,pagination-cycle,2025-12-14T00:30:27.313Z,avg_api_response_time,31.75,ms
2,React,pagination-cycle,2025-12-14T00:30:27.313Z,total_api_requests,4,count
2,React,pagination-cycle,2025-12-14T00:30:27.313Z,total_network_bytes,277755,bytes
2,React,pagination-cycle,2025-12-14T00:30:27.313Z,memory_delta,0,bytes
3,React,pagination-cycle,2025-12-14T00:30:31.676Z,page_transition_1_next,287,ms
3,React,pagination-cycle,2025-12-14T00:30:31.676Z,page_transition_1_next_js,313.5,ms
3,React,pagination-cycle,2025-12-14T00:30:31.676Z,page_transition_2_next,316,ms
3,React,pagination-cycle,2025-12-14T00:30:31.676Z,page_transition_2_next_js,350.4000000000233,ms
3,React,pagination-cycle,2025-12-14T00:30:31.676Z,page_transition_3_previous,306,ms
3,React,pagination-cycle,2025-12-14T00:30:31.676Z,page_transition_3_previous_js,328.5,ms
3,React,pagination-cycle,2025-12-14T00:30:31.676Z,page_transition_4_previous,295,ms
3,React,pagination-cycle,2025-12-14T00:30:31.676Z,page_transition_4_previous_js,314,ms
3,React,pagination-cycle,2025-12-14T00:30:31.676Z,total_cycle_time,1527,ms
3,React,pagination-cycle,2025-12-14T00:30:31.676Z,total_cycle_js_time,1560.5,ms
3,React,pagination-cycle,2025-12-14T00:30:31.676Z,avg_page_transition,301,ms
3,React,pagination-cycle,2025-12-14T00:30:31.676Z,min_page_transition,287,ms
3,React,pagination-cycle,2025-12-14T00:30:31.676Z,max_page_transition,316,ms
3,React,pagination-cycle,2025-12-14T00:30:31.676Z,avg_api_response_time,28.5,ms
3,React,pagination-cycle,2025-12-14T00:30:31.676Z,total_api_requests,4,count
3,React,pagination-cycle,2025-12-14T00:30:31.676Z,total_network_bytes,277755,bytes
3,React,pagination-cycle,2025-12-14T00:30:31.676Z,memory_delta,0,bytes
4,React,pagination-cycle,2025-12-14T00:30:36.137Z,page_transition_1_next,319,ms
4,React,pagination-cycle,2025-12-14T00:30:36.137Z,page_transition_1_next_js,360.30000000004657,ms
4,React,pagination-cycle,2025-12-14T00:30:36.137Z,page_transition_2_next,210,ms
4,React,pagination-cycle,2025-12-14T00:30:36.137Z,page_transition_2_next_js,296.20000000001164,ms
4,React,pagination-cycle,2025-12-14T00:30:36.137Z,page_transition_3_previous,309,ms
4,React,pagination-cycle,2025-12-14T00:30:36.137Z,page_transition_3_previous_js,335.1000000000349,ms
4,React,pagination-cycle,2025-12-14T00:30:36.137Z,page_transition_4_previous,298,ms
4,React,pagination-cycle,2025-12-14T00:30:36.137Z,page_transition_4_previous_js,333.9000000000233,ms
4,React,pagination-cycle,2025-12-14T00:30:36.137Z,total_cycle_time,1584,ms
4,React,pagination-cycle,2025-12-14T00:30:36.137Z,total_cycle_js_time,1615.600000000035,ms
4,React,pagination-cycle,2025-12-14T00:30:36.137Z,avg_page_transition,284,ms
4,React,pagination-cycle,2025-12-14T00:30:36.137Z,min_page_transition,210,ms
4,React,pagination-cycle,2025-12-14T00:30:36.137Z,max_page_transition,319,ms
4,React,pagination-cycle,2025-12-14T00:30:36.137Z,avg_api_response_time,33,ms
4,React,pagination-cycle,2025-12-14T00:30:36.137Z,total_api_requests,4,count
4,React,pagination-cycle,2025-12-14T00:30:36.137Z,total_network_bytes,277755,bytes
4,React,pagination-cycle,2025-12-14T00:30:36.137Z,memory_delta,0,bytes
5,React,pagination-cycle,2025-12-14T00:30:40.534Z,page_transition_1_next,286,ms
5,React,pagination-cycle,2025-12-14T00:30:40.534Z,page_transition_1_next_js,324.79999999998836,ms
5,React,pagination-cycle,2025-12-14T00:30:40.534Z,page_transition_2_next,193,ms
5,React,pagination-cycle,2025-12-14T00:30:40.534Z,page_transition_2_next_js,275.4000000000233,ms
5,React,pagination-cycle,2025-12-14T00:30:40.534Z,page_transition_3_previous,249,ms
5,React,pagination-cycle,2025-12-14T00:30:40.534Z,page_transition_3_previous_js,329.20000000001164,ms
5,React,pagination-cycle,2025-12-14T00:30:40.534Z,page_transition_4_previous,345,ms
5,React,pagination-cycle,2025-12-14T00:30:40.534Z,page_transition_4_previous_js,365.70000000001164,ms
5,React,pagination-cycle,2025-12-14T00:30:40.534Z,total_cycle_time,1557,ms
5,React,pagination-cycle,2025-12-14T00:30:40.534Z,total_cycle_js_time,1577.2000000000116,ms
5,React,pagination-cycle,2025-12-14T00:30:40.534Z,avg_page_transition,268.25,ms
5,React,pagination-cycle,2025-12-14T00:30:40.534Z,min_page_transition,193,ms
5,React,pagination-cycle,2025-12-14T00:30:40.534Z,max_page_transition,345,ms
5,React,pagination-cycle,2025-12-14T00:30:40.534Z,avg_api_response_time,30.25,ms
5,React,pagination-cycle,2025-12-14T00:30:40.534Z,total_api_requests,4,count
5,React,pagination-cycle,2025-12-14T00:30:40.534Z,total_network_bytes,277755,bytes
5,React,pagination-cycle,2025-12-14T00:30:40.534Z,memory_delta,0,bytes
1,React,detail-navigation-cycle,2025-12-14T00:30:43.439Z,initial_detail_load,665,ms
1,React,detail-navigation-cycle,2025-12-14T00:30:43.439Z,next_navigation_time,20,ms
1,React,detail-navigation-cycle,2025-12-14T00:30:43.439Z,next_navigation_js,23.100000000034925,ms
1,React,detail-navigation-cycle,2025-12-14T00:30:43.439Z,prev_navigation_time,24,ms
1,React,detail-navigation-cycle,2025-12-14T00:30:43.439Z,prev_navigation_js,27.100000000034925,ms
1,React,detail-navigation-cycle,2025-12-14T00:30:43.439Z,total_cycle_time,359,ms
1,React,detail-navigation-cycle,2025-12-14T00:30:43.439Z,total_cycle_js_time,360,ms
1,React,detail-navigation-cycle,2025-12-14T00:30:43.439Z,avg_navigation_time,22,ms
1,React,detail-navigation-cycle,2025-12-14T00:30:43.439Z,avg_api_response_time,2,ms
1,React,detail-navigation-cycle,2025-12-14T00:30:43.439Z,total_api_requests,5,count
1,React,detail-navigation-cycle,2025-12-14T00:30:43.439Z,total_network_bytes,19742,bytes
1,React,detail-navigation-cycle,2025-12-14T00:30:43.439Z,memory_delta,0,bytes
2,React,detail-navigation-cycle,2025-12-14T00:30:46.073Z,initial_detail_load,680,ms
2,React,detail-navigation-cycle,2025-12-14T00:30:46.073Z,next_navigation_time,12,ms
2,React,detail-navigation-cycle,2025-12-14T00:30:46.073Z,next_navigation_js,14.299999999988358,ms
2,React,detail-navigation-cycle,2025-12-14T00:30:46.073Z,prev_navigation_time,10,ms
2,React,detail-navigation-cycle,2025-12-14T00:30:46.073Z,prev_navigation_js,13,ms
2,React,detail-navigation-cycle,2025-12-14T00:30:46.073Z,total_cycle_time,336,ms
2,React,detail-navigation-cycle,2025-12-14T00:30:46.073Z,total_cycle_js_time,336.5,ms
2,React,detail-navigation-cycle,2025-12-14T00:30:46.073Z,avg_navigation_time,11,ms
2,React,detail-navigation-cycle,2025-12-14T00:30:46.073Z,avg_api_response_time,1.5,ms
2,React,detail-navigation-cycle,2025-12-14T00:30:46.073Z,total_api_requests,5,count
2,React,detail-navigation-cycle,2025-12-14T00:30:46.073Z,total_network_bytes,19742,bytes
2,React,detail-navigation-cycle,2025-12-14T00:30:46.073Z,memory_delta,0,bytes
3,React,detail-navigation-cycle,2025-12-14T00:30:48.707Z,initial_detail_load,670,ms
3,React,detail-navigation-cycle,2025-12-14T00:30:48.707Z,next_navigation_time,14,ms
3,React,detail-navigation-cycle,2025-12-14T00:30:48.707Z,next_navigation_js,17.100000000034925,ms
3,React,detail-navigation-cycle,2025-12-14T00:30:48.707Z,prev_navigation_time,9,ms
3,React,detail-navigation-cycle,2025-12-14T00:30:48.707Z,prev_navigation_js,11.299999999988358,ms
3,React,detail-navigation-cycle,2025-12-14T00:30:48.707Z,total_cycle_time,336,ms
3,React,detail-navigation-cycle,2025-12-14T00:30:48.707Z,total_cycle_js_time,337.80000000004657,ms
3,React,detail-navigation-cycle,2025-12-14T00:30:48.707Z,avg_navigation_time,11.5,ms
3,React,detail-navigation-cycle,2025-12-14T00:30:48.707Z,avg_api_response_time,1.5,ms
3,React,detail-navigation-cycle,2025-12-14T00:30:48.707Z,total_api_requests,5,count
3,React,detail-navigation-cycle,2025-12-14T00:30:48.707Z,total_network_bytes,19742,bytes
3,React,detail-navigation-cycle,2025-12-14T00:30:48.707Z,memory_delta,0,bytes
4,React,detail-navigation-cycle,2025-12-14T00:30:51.337Z,initial_detail_load,672,ms
4,React,detail-navigation-cycle,2025-12-14T00:30:51.337Z,next_navigation_time,13,ms
4,React,detail-navigation-cycle,2025-12-14T00:30:51.337Z,next_navigation_js,15.400000000023283,ms
4,React,detail-navigation-cycle,2025-12-14T00:30:51.337Z,prev_navigation_time,9,ms
4,React,detail-navigation-cycle,2025-12-14T00:30:51.337Z,prev_navigation_js,11.100000000034925,ms
4,React,detail-navigation-cycle,2025-12-14T00:30:51.337Z,total_cycle_time,332,ms
4,React,detail-navigation-cycle,2025-12-14T00:30:51.337Z,total_cycle_js_time,333.29999999998836,ms
4,React,detail-navigation-cycle,2025-12-14T00:30:51.337Z,avg_navigation_time,11,ms
4,React,detail-navigation-cycle,2025-12-14T00:30:51.337Z,avg_api_response_time,1.25,ms
4,React,detail-navigation-cycle,2025-12-14T00:30:51.337Z,total_api_requests,5,count
4,React,detail-navigation-cycle,2025-12-14T00:30:51.337Z,total_network_bytes,19742,bytes
4,React,detail-navigation-cycle,2025-12-14T00:30:51.337Z,memory_delta,0,bytes
5,React,detail-navigation-cycle,2025-12-14T00:30:53.975Z,initial_detail_load,669,ms
5,React,detail-navigation-cycle,2025-12-14T00:30:53.975Z,next_navigation_time,20,ms
5,React,detail-navigation-cycle,2025-12-14T00:30:53.975Z,next_navigation_js,22.70000000001164,ms
5,React,detail-navigation-cycle,2025-12-14T00:30:53.975Z,prev_navigation_time,10,ms
5,React,detail-navigation-cycle,2025-12-14T00:30:53.975Z,prev_navigation_js,13.599999999976717,ms
5,React,detail-navigation-cycle,2025-12-14T00:30:53.975Z,total_cycle_time,344,ms
5,React,detail-navigation-cycle,2025-12-14T00:30:53.975Z,total_cycle_js_time,344.79999999998836,ms
5,React,detail-navigation-cycle,2025-12-14T00:30:53.975Z,avg_navigation_time,15,ms
5,React,detail-navigation-cycle,2025-12-14T00:30:53.975Z,avg_api_response_time,1.75,ms
5,React,detail-navigation-cycle,2025-12-14T00:30:53.975Z,total_api_requests,5,count
5,React,detail-navigation-cycle,2025-12-14T00:30:53.975Z,total_network_bytes,19742,bytes
5,React,detail-navigation-cycle,2025-12-14T00:30:53.975Z,memory_delta,0,bytes
1,Svelte,initial-page-load,2025-12-14T00:30:56.318Z,fcp,96,ms
1,Svelte,initial-page-load,2025-12-14T00:30:56.318Z,lcp,96,ms
1,Svelte,initial-page-load,2025-12-14T00:30:56.318Z,cls,0,score
1,Svelte,initial-page-load,2025-12-14T00:30:56.318Z,tti,12.399999999965075,ms
1,Svelte,initial-page-load,2025-12-14T00:30:56.318Z,tbt,0,ms
1,Svelte,initial-page-load,2025-12-14T00:30:56.318Z,initial_heap_size,68000000,bytes
1,Svelte,initial-page-load,2025-12-14T00:30:56.318Z,initial_used_heap,42100000,bytes
1,Svelte,initial-page-load,2025-12-14T00:30:56.318Z,request_count,75,count
1,Svelte,initial-page-load,2025-12-14T00:30:56.318Z,total_bytes,307171,bytes
1,Svelte,initial-page-load,2025-12-14T00:30:56.318Z,network_duration,928,ms
1,Svelte,initial-page-load,2025-12-14T00:30:56.318Z,largest_request,69455,bytes
1,Svelte,initial-page-load,2025-12-14T00:30:56.318Z,avg_api_response_time,0,ms
1,Svelte,initial-page-load,2025-12-14T00:30:56.318Z,total_navigation_time,615,ms
2,Svelte,initial-page-load,2025-12-14T00:30:58.641Z,fcp,92,ms
2,Svelte,initial-page-load,2025-12-14T00:30:58.641Z,lcp,92,ms
2,Svelte,initial-page-load,2025-12-14T00:30:58.641Z,cls,0,score
2,Svelte,initial-page-load,2025-12-14T00:30:58.641Z,tti,12.900000000023283,ms
2,Svelte,initial-page-load,2025-12-14T00:30:58.641Z,tbt,0,ms
2,Svelte,initial-page-load,2025-12-14T00:30:58.641Z,initial_heap_size,68000000,bytes
2,Svelte,initial-page-load,2025-12-14T00:30:58.641Z,initial_used_heap,42100000,bytes
2,Svelte,initial-page-load,2025-12-14T00:30:58.641Z,request_count,75,count
2,Svelte,initial-page-load,2025-12-14T00:30:58.641Z,total_bytes,307171,bytes
2,Svelte,initial-page-load,2025-12-14T00:30:58.641Z,network_duration,899,ms
2,Svelte,initial-page-load,2025-12-14T00:30:58.641Z,largest_request,69455,bytes
2,Svelte,initial-page-load,2025-12-14T00:30:58.641Z,avg_api_response_time,3,ms
2,Svelte,initial-page-load,2025-12-14T00:30:58.641Z,total_navigation_time,599,ms
3,Svelte,initial-page-load,2025-12-14T00:31:00.990Z,fcp,104,ms
3,Svelte,initial-page-load,2025-12-14T00:31:00.990Z,lcp,104,ms
3,Svelte,initial-page-load,2025-12-14T00:31:00.990Z,cls,0,score
3,Svelte,initial-page-load,2025-12-14T00:31:00.990Z,tti,14.899999999965075,ms
3,Svelte,initial-page-load,2025-12-14T00:31:00.990Z,tbt,0,ms
3,Svelte,initial-page-load,2025-12-14T00:31:00.990Z,initial_heap_size,68000000,bytes
3,Svelte,initial-page-load,2025-12-14T00:31:00.990Z,initial_used_heap,42100000,bytes
3,Svelte,initial-page-load,2025-12-14T00:31:00.990Z,request_count,75,count
3,Svelte,initial-page-load,2025-12-14T00:31:00.990Z,total_bytes,307171,bytes
3,Svelte,initial-page-load,2025-12-14T00:31:00.990Z,network_duration,929,ms
3,Svelte,initial-page-load,2025-12-14T00:31:00.990Z,largest_request,69455,bytes
3,Svelte,initial-page-load,2025-12-14T00:31:00.990Z,avg_api_response_time,3,ms
3,Svelte,initial-page-load,2025-12-14T00:31:00.990Z,total_navigation_time,613,ms
4,Svelte,initial-page-load,2025-12-14T00:31:03.309Z,fcp,88,ms
4,Svelte,initial-page-load,2025-12-14T00:31:03.309Z,lcp,88,ms
4,Svelte,initial-page-load,2025-12-14T00:31:03.309Z,cls,0,score
4,Svelte,initial-page-load,2025-12-14T00:31:03.309Z,tti,11.899999999965075,ms
4,Svelte,initial-page-load,2025-12-14T00:31:03.309Z,tbt,0,ms
4,Svelte,initial-page-load,2025-12-14T00:31:03.309Z,initial_heap_size,68000000,bytes
4,Svelte,initial-page-load,2025-12-14T00:31:03.309Z,initial_used_heap,42100000,bytes
4,Svelte,initial-page-load,2025-12-14T00:31:03.309Z,request_count,75,count
4,Svelte,initial-page-load,2025-12-14T00:31:03.309Z,total_bytes,307171,bytes
4,Svelte,initial-page-load,2025-12-14T00:31:03.309Z,network_duration,977,ms
4,Svelte,initial-page-load,2025-12-14T00:31:03.309Z,largest_request,69455,bytes
4,Svelte,initial-page-load,2025-12-14T00:31:03.309Z,avg_api_response_time,2,ms
4,Svelte,initial-page-load,2025-12-14T00:31:03.309Z,total_navigation_time,597,ms
5,Svelte,initial-page-load,2025-12-14T00:31:05.659Z,fcp,96,ms
5,Svelte,initial-page-load,2025-12-14T00:31:05.659Z,lcp,96,ms
5,Svelte,initial-page-load,2025-12-14T00:31:05.659Z,cls,0,score
5,Svelte,initial-page-load,2025-12-14T00:31:05.659Z,tti,13.699999999953434,ms
5,Svelte,initial-page-load,2025-12-14T00:31:05.659Z,tbt,0,ms
5,Svelte,initial-page-load,2025-12-14T00:31:05.659Z,initial_heap_size,68000000,bytes
5,Svelte,initial-page-load,2025-12-14T00:31:05.659Z,initial_used_heap,42100000,bytes
5,Svelte,initial-page-load,2025-12-14T00:31:05.659Z,request_count,75,count
5,Svelte,initial-page-load,2025-12-14T00:31:05.659Z,total_bytes,307171,bytes
5,Svelte,initial-page-load,2025-12-14T00:31:05.659Z,network_duration,998,ms
5,Svelte,initial-page-load,2025-12-14T00:31:05.659Z,largest_request,69455,bytes
5,Svelte,initial-page-load,2025-12-14T00:31:05.659Z,avg_api_response_time,2,ms
5,Svelte,initial-page-load,2025-12-14T00:31:05.659Z,total_navigation_time,605,ms
1,Svelte,filter-application,2025-12-14T00:31:08.654Z,filter_duration,122.40000000002328,ms
1,Svelte,filter-application,2025-12-14T00:31:08.654Z,total_filter_time,121,ms
1,Svelte,filter-application,2025-12-14T00:31:08.654Z,memory_delta,0,bytes
1,Svelte,filter-application,2025-12-14T00:31:08.654Z,filtered_row_count,11,count
1,Svelte,filter-application,2025-12-14T00:31:08.654Z,js_execution_time,122.40000000002328,ms
2,Svelte,filter-application,2025-12-14T00:31:11.299Z,filter_duration,137.59999999997672,ms
2,Svelte,filter-application,2025-12-14T00:31:11.299Z,total_filter_time,137,ms
2,Svelte,filter-application,2025-12-14T00:31:11.299Z,memory_delta,0,bytes
2,Svelte,filter-application,2025-12-14T00:31:11.299Z,filtered_row_count,11,count
2,Svelte,filter-application,2025-12-14T00:31:11.299Z,js_execution_time,137.59999999997672,ms
3,Svelte,filter-application,2025-12-14T00:31:13.938Z,filter_duration,137.60000000003492,ms
3,Svelte,filter-application,2025-12-14T00:31:13.938Z,total_filter_time,137,ms
3,Svelte,filter-application,2025-12-14T00:31:13.938Z,memory_delta,0,bytes
3,Svelte,filter-application,2025-12-14T00:31:13.938Z,filtered_row_count,11,count
3,Svelte,filter-application,2025-12-14T00:31:13.938Z,js_execution_time,137.60000000003492,ms
4,Svelte,filter-application,2025-12-14T00:31:16.536Z,filter_duration,108.5,ms
4,Svelte,filter-application,2025-12-14T00:31:16.536Z,total_filter_time,107,ms
4,Svelte,filter-application,2025-12-14T00:31:16.536Z,memory_delta,0,bytes
4,Svelte,filter-application,2025-12-14T00:31:16.536Z,filtered_row_count,11,count
4,Svelte,filter-application,2025-12-14T00:31:16.536Z,js_execution_time,108.5,ms
5,Svelte,filter-application,2025-12-14T00:31:19.136Z,filter_duration,118.19999999995343,ms
5,Svelte,filter-application,2025-12-14T00:31:19.136Z,total_filter_time,117,ms
5,Svelte,filter-application,2025-12-14T00:31:19.136Z,memory_delta,0,bytes
5,Svelte,filter-application,2025-12-14T00:31:19.136Z,filtered_row_count,11,count
5,Svelte,filter-application,2025-12-14T00:31:19.136Z,js_execution_time,118.19999999995343,ms
1,Svelte,clear-filters,2025-12-14T00:31:23.151Z,clear_duration,432.6000000000349,ms
1,Svelte,clear-filters,2025-12-14T00:31:23.151Z,total_clear_time,411,ms
1,Svelte,clear-filters,2025-12-14T00:31:23.151Z,memory_delta,0,bytes
1,Svelte,clear-filters,2025-12-14T00:31:23.151Z,restored_row_count,50,count
2,Svelte,clear-filters,2025-12-14T00:31:26.883Z,clear_duration,468.29999999998836,ms
2,Svelte,clear-filters,2025-12-14T00:31:26.883Z,total_clear_time,447,ms
2,Svelte,clear-filters,2025-12-14T00:31:26.883Z,memory_delta,0,bytes
2,Svelte,clear-filters,2025-12-14T00:31:26.883Z,restored_row_count,50,count
3,Svelte,clear-filters,2025-12-14T00:31:30.601Z,clear_duration,445.4000000000233,ms
3,Svelte,clear-filters,2025-12-14T00:31:30.601Z,total_clear_time,424,ms
3,Svelte,clear-filters,2025-12-14T00:31:30.601Z,memory_delta,0,bytes
3,Svelte,clear-filters,2025-12-14T00:31:30.601Z,restored_row_count,50,count
4,Svelte,clear-filters,2025-12-14T00:31:34.340Z,clear_duration,442,ms
4,Svelte,clear-filters,2025-12-14T00:31:34.340Z,total_clear_time,422,ms
4,Svelte,clear-filters,2025-12-14T00:31:34.340Z,memory_delta,0,bytes
4,Svelte,clear-filters,2025-12-14T00:31:34.340Z,restored_row_count,50,count
5,Svelte,clear-filters,2025-12-14T00:31:38.008Z,clear_duration,433.29999999993015,ms
5,Svelte,clear-filters,2025-12-14T00:31:38.008Z,total_clear_time,411,ms
5,Svelte,clear-filters,2025-12-14T00:31:38.008Z,memory_delta,0,bytes
5,Svelte,clear-filters,2025-12-14T00:31:38.008Z,restored_row_count,50,count
1,Svelte,expand-collapse-description,2025-12-14T00:31:40.984Z,expand_duration,105.80000000004657,ms
1,Svelte,expand-collapse-description,2025-12-14T00:31:40.984Z,expand_total_time,105,ms
1,Svelte,expand-collapse-description,2025-12-14T00:31:40.984Z,expand_cls_delta,0.000001980251736111111,score
1,Svelte,expand-collapse-description,2025-12-14T00:31:40.984Z,collapse_duration,107.90000000002328,ms
1,Svelte,expand-collapse-description,2025-12-14T00:31:40.984Z,collapse_total_time,106,ms
1,Svelte,expand-collapse-description,2025-12-14T00:31:40.984Z,collapse_cls_delta,0.000001980251736111111,score
2,Svelte,expand-collapse-description,2025-12-14T00:31:43.694Z,expand_duration,105.19999999995343,ms
2,Svelte,expand-collapse-description,2025-12-14T00:31:43.694Z,expand_total_time,104,ms
2,Svelte,expand-collapse-description,2025-12-14T00:31:43.694Z,expand_cls_delta,0.000001980251736111111,score
2,Svelte,expand-collapse-description,2025-12-14T00:31:43.694Z,collapse_duration,105.89999999990687,ms
2,Svelte,expand-collapse-description,2025-12-14T00:31:43.694Z,collapse_total_time,104,ms
2,Svelte,expand-collapse-description,2025-12-14T00:31:43.694Z,collapse_cls_delta,0.000001980251736111111,score
3,Svelte,expand-collapse-description,2025-12-14T00:31:46.414Z,expand_duration,118.69999999995343,ms
3,Svelte,expand-collapse-description,2025-12-14T00:31:46.414Z,expand_total_time,117,ms
3,Svelte,expand-collapse-description,2025-12-14T00:31:46.414Z,expand_cls_delta,0.000001980251736111111,score
3,Svelte,expand-collapse-description,2025-12-14T00:31:46.414Z,collapse_duration,106.70000000006985,ms
3,Svelte,expand-collapse-description,2025-12-14T00:31:46.414Z,collapse_total_time,105,ms
3,Svelte,expand-collapse-description,2025-12-14T00:31:46.414Z,collapse_cls_delta,0.000001980251736111111,score
4,Svelte,expand-collapse-description,2025-12-14T00:31:49.112Z,expand_duration,120.90000000002328,ms
4,Svelte,expand-collapse-description,2025-12-14T00:31:49.112Z,expand_total_time,119,ms
4,Svelte,expand-collapse-description,2025-12-14T00:31:49.112Z,expand_cls_delta,0.000001980251736111111,score
4,Svelte,expand-collapse-description,2025-12-14T00:31:49.112Z,collapse_duration,106.20000000006985,ms
4,Svelte,expand-collapse-description,2025-12-14T00:31:49.112Z,collapse_total_time,104,ms
4,Svelte,expand-collapse-description,2025-12-14T00:31:49.112Z,collapse_cls_delta,0.000001980251736111111,score
5,Svelte,expand-collapse-description,2025-12-14T00:31:52.417Z,expand_duration,105.5,ms
5,Svelte,expand-collapse-description,2025-12-14T00:31:52.417Z,expand_total_time,104,ms
5,Svelte,expand-collapse-description,2025-12-14T00:31:52.417Z,expand_cls_delta,0.000001980251736111111,score
5,Svelte,expand-collapse-description,2025-12-14T00:31:52.417Z,collapse_duration,106.40000000002328,ms
5,Svelte,expand-collapse-description,2025-12-14T00:31:52.417Z,collapse_total_time,105,ms
5,Svelte,expand-collapse-description,2025-12-14T00:31:52.417Z,collapse_cls_delta,0.000001980251736111111,score
1,Svelte,navigate-to-detail,2025-12-14T00:31:56.568Z,total_navigation_time,180,ms
1,Svelte,navigate-to-detail,2025-12-14T00:31:56.568Z,detail_lcp,84,ms
1,Svelte,navigate-to-detail,2025-12-14T00:31:56.568Z,detail_cls,0,score
1,Svelte,navigate-to-detail,2025-12-14T00:31:56.568Z,memory_delta,0,bytes
1,Svelte,navigate-to-detail,2025-12-14T00:31:56.568Z,detail_request_count,5,count
1,Svelte,navigate-to-detail,2025-12-14T00:31:56.568Z,detail_total_bytes,45587,bytes
2,Svelte,navigate-to-detail,2025-12-14T00:32:00.015Z,total_navigation_time,198,ms
2,Svelte,navigate-to-detail,2025-12-14T00:32:00.015Z,detail_lcp,96,ms
2,Svelte,navigate-to-detail,2025-12-14T00:32:00.015Z,detail_cls,0,score
2,Svelte,navigate-to-detail,2025-12-14T00:32:00.015Z,memory_delta,0,bytes
2,Svelte,navigate-to-detail,2025-12-14T00:32:00.015Z,detail_request_count,5,count
2,Svelte,navigate-to-detail,2025-12-14T00:32:00.015Z,detail_total_bytes,45587,bytes
3,Svelte,navigate-to-detail,2025-12-14T00:32:03.447Z,total_navigation_time,187,ms
3,Svelte,navigate-to-detail,2025-12-14T00:32:03.447Z,detail_lcp,92,ms
3,Svelte,navigate-to-detail,2025-12-14T00:32:03.447Z,detail_cls,0,score
3,Svelte,navigate-to-detail,2025-12-14T00:32:03.447Z,memory_delta,0,bytes
3,Svelte,navigate-to-detail,2025-12-14T00:32:03.447Z,detail_request_count,5,count
3,Svelte,navigate-to-detail,2025-12-14T00:32:03.447Z,detail_total_bytes,45587,bytes
4,Svelte,navigate-to-detail,2025-12-14T00:32:06.862Z,total_navigation_time,187,ms
4,Svelte,navigate-to-detail,2025-12-14T00:32:06.862Z,detail_lcp,100,ms
4,Svelte,navigate-to-detail,2025-12-14T00:32:06.862Z,detail_cls,0,score
4,Svelte,navigate-to-detail,2025-12-14T00:32:06.862Z,memory_delta,0,bytes
4,Svelte,navigate-to-detail,2025-12-14T00:32:06.862Z,detail_request_count,5,count
4,Svelte,navigate-to-detail,2025-12-14T00:32:06.862Z,detail_total_bytes,45587,bytes
5,Svelte,navigate-to-detail,2025-12-14T00:32:10.234Z,total_navigation_time,181,ms
5,Svelte,navigate-to-detail,2025-12-14T00:32:10.234Z,detail_lcp,84,ms
5,Svelte,navigate-to-detail,2025-12-14T00:32:10.234Z,detail_cls,0,score
5,Svelte,navigate-to-detail,2025-12-14T00:32:10.234Z,memory_delta,0,bytes
5,Svelte,navigate-to-detail,2025-12-14T00:32:10.234Z,detail_request_count,5,count
5,Svelte,navigate-to-detail,2025-12-14T00:32:10.234Z,detail_total_bytes,45587,bytes
1,Svelte,navigate-back-to-list,2025-12-14T00:32:15.165Z,total_back_navigation_time,774,ms
1,Svelte,navigate-back-to-list,2025-12-14T00:32:15.165Z,rendered_row_count,50,count
1,Svelte,navigate-back-to-list,2025-12-14T00:32:15.165Z,memory_delta,0,bytes
2,Svelte,navigate-back-to-list,2025-12-14T00:32:19.680Z,total_back_navigation_time,686,ms
2,Svelte,navigate-back-to-list,2025-12-14T00:32:19.680Z,rendered_row_count,50,count
2,Svelte,navigate-back-to-list,2025-12-14T00:32:19.680Z,memory_delta,0,bytes
3,Svelte,navigate-back-to-list,2025-12-14T00:32:24.724Z,total_back_navigation_time,703,ms
3,Svelte,navigate-back-to-list,2025-12-14T00:32:24.724Z,rendered_row_count,50,count
3,Svelte,navigate-back-to-list,2025-12-14T00:32:24.724Z,memory_delta,0,bytes
4,Svelte,navigate-back-to-list,2025-12-14T00:32:29.333Z,total_back_navigation_time,740,ms
4,Svelte,navigate-back-to-list,2025-12-14T00:32:29.333Z,rendered_row_count,50,count
4,Svelte,navigate-back-to-list,2025-12-14T00:32:29.333Z,memory_delta,0,bytes
5,Svelte,navigate-back-to-list,2025-12-14T00:32:33.977Z,total_back_navigation_time,774,ms
5,Svelte,navigate-back-to-list,2025-12-14T00:32:33.977Z,rendered_row_count,50,count
5,Svelte,navigate-back-to-list,2025-12-14T00:32:33.977Z,memory_delta,0,bytes
1,Svelte,pagination-cycle,2025-12-14T00:32:38.332Z,page_transition_1_next,300,ms
1,Svelte,pagination-cycle,2025-12-14T00:32:38.332Z,page_transition_1_next_js,320.30000000004657,ms
1,Svelte,pagination-cycle,2025-12-14T00:32:38.332Z,page_transition_2_next,326,ms
1,Svelte,pagination-cycle,2025-12-14T00:32:38.332Z,page_transition_2_next_js,346,ms
1,Svelte,pagination-cycle,2025-12-14T00:32:38.332Z,page_transition_3_previous,294,ms
1,Svelte,pagination-cycle,2025-12-14T00:32:38.332Z,page_transition_3_previous_js,311.80000000004657,ms
1,Svelte,pagination-cycle,2025-12-14T00:32:38.332Z,page_transition_4_previous,291,ms
1,Svelte,pagination-cycle,2025-12-14T00:32:38.332Z,page_transition_4_previous_js,309.5999999999767,ms
1,Svelte,pagination-cycle,2025-12-14T00:32:38.332Z,total_cycle_time,1497,ms
1,Svelte,pagination-cycle,2025-12-14T00:32:38.332Z,total_cycle_js_time,1497.7999999999302,ms
1,Svelte,pagination-cycle,2025-12-14T00:32:38.332Z,avg_page_transition,302.75,ms
1,Svelte,pagination-cycle,2025-12-14T00:32:38.332Z,min_page_transition,291,ms
1,Svelte,pagination-cycle,2025-12-14T00:32:38.332Z,max_page_transition,326,ms
1,Svelte,pagination-cycle,2025-12-14T00:32:38.332Z,avg_api_response_time,27.75,ms
1,Svelte,pagination-cycle,2025-12-14T00:32:38.332Z,total_api_requests,4,count
1,Svelte,pagination-cycle,2025-12-14T00:32:38.332Z,total_network_bytes,277755,bytes
1,Svelte,pagination-cycle,2025-12-14T00:32:38.332Z,memory_delta,0,bytes
2,Svelte,pagination-cycle,2025-12-14T00:32:42.441Z,page_transition_1_next,312,ms
2,Svelte,pagination-cycle,2025-12-14T00:32:42.441Z,page_transition_1_next_js,334.5,ms
2,Svelte,pagination-cycle,2025-12-14T00:32:42.441Z,page_transition_2_next,342,ms
2,Svelte,pagination-cycle,2025-12-14T00:32:42.441Z,page_transition_2_next_js,361.29999999993015,ms
2,Svelte,pagination-cycle,2025-12-14T00:32:42.441Z,page_transition_3_previous,304,ms
2,Svelte,pagination-cycle,2025-12-14T00:32:42.441Z,page_transition_3_previous_js,325,ms
2,Svelte,pagination-cycle,2025-12-14T00:32:42.441Z,page_transition_4_previous,305,ms
2,Svelte,pagination-cycle,2025-12-14T00:32:42.441Z,page_transition_4_previous_js,325.4000000000233,ms
2,Svelte,pagination-cycle,2025-12-14T00:32:42.441Z,total_cycle_time,1563,ms
2,Svelte,pagination-cycle,2025-12-14T00:32:42.441Z,total_cycle_js_time,1597.3000000000466,ms
2,Svelte,pagination-cycle,2025-12-14T00:32:42.441Z,avg_page_transition,315.75,ms
2,Svelte,pagination-cycle,2025-12-14T00:32:42.441Z,min_page_transition,304,ms
2,Svelte,pagination-cycle,2025-12-14T00:32:42.441Z,max_page_transition,342,ms
2,Svelte,pagination-cycle,2025-12-14T00:32:42.441Z,avg_api_response_time,31,ms
2,Svelte,pagination-cycle,2025-12-14T00:32:42.441Z,total_api_requests,4,count
2,Svelte,pagination-cycle,2025-12-14T00:32:42.441Z,total_network_bytes,277755,bytes
2,Svelte,pagination-cycle,2025-12-14T00:32:42.441Z,memory_delta,0,bytes
3,Svelte,pagination-cycle,2025-12-14T00:32:46.485Z,page_transition_1_next,312,ms
3,Svelte,pagination-cycle,2025-12-14T00:32:46.485Z,page_transition_1_next_js,333.69999999995343,ms
3,Svelte,pagination-cycle,2025-12-14T00:32:46.485Z,page_transition_2_next,342,ms
3,Svelte,pagination-cycle,2025-12-14T00:32:46.485Z,page_transition_2_next_js,365,ms
3,Svelte,pagination-cycle,2025-12-14T00:32:46.485Z,page_transition_3_previous,281,ms
3,Svelte,pagination-cycle,2025-12-14T00:32:46.485Z,page_transition_3_previous_js,299,ms
3,Svelte,pagination-cycle,2025-12-14T00:32:46.485Z,page_transition_4_previous,291,ms
3,Svelte,pagination-cycle,2025-12-14T00:32:46.485Z,page_transition_4_previous_js,309.19999999995343,ms
3,Svelte,pagination-cycle,2025-12-14T00:32:46.485Z,total_cycle_time,1525,ms
3,Svelte,pagination-cycle,2025-12-14T00:32:46.485Z,total_cycle_js_time,1553.3999999999069,ms
3,Svelte,pagination-cycle,2025-12-14T00:32:46.485Z,avg_page_transition,306.5,ms
3,Svelte,pagination-cycle,2025-12-14T00:32:46.485Z,min_page_transition,281,ms
3,Svelte,pagination-cycle,2025-12-14T00:32:46.485Z,max_page_transition,342,ms
3,Svelte,pagination-cycle,2025-12-14T00:32:46.485Z,avg_api_response_time,30.75,ms
3,Svelte,pagination-cycle,2025-12-14T00:32:46.485Z,total_api_requests,4,count
3,Svelte,pagination-cycle,2025-12-14T00:32:46.485Z,total_network_bytes,277755,bytes
3,Svelte,pagination-cycle,2025-12-14T00:32:46.485Z,memory_delta,0,bytes
4,Svelte,pagination-cycle,2025-12-14T00:32:50.560Z,page_transition_1_next,320,ms
4,Svelte,pagination-cycle,2025-12-14T00:32:50.560Z,page_transition_1_next_js,341.5,ms
4,Svelte,pagination-cycle,2025-12-14T00:32:50.560Z,page_transition_2_next,292,ms
4,Svelte,pagination-cycle,2025-12-14T00:32:50.560Z,page_transition_2_next_js,311.79999999993015,ms
4,Svelte,pagination-cycle,2025-12-14T00:32:50.560Z,page_transition_3_previous,300,ms
4,Svelte,pagination-cycle,2025-12-14T00:32:50.560Z,page_transition_3_previous_js,321.30000000004657,ms
4,Svelte,pagination-cycle,2025-12-14T00:32:50.560Z,page_transition_4_previous,284,ms
4,Svelte,pagination-cycle,2025-12-14T00:32:50.560Z,page_transition_4_previous_js,303.5,ms
4,Svelte,pagination-cycle,2025-12-14T00:32:50.560Z,total_cycle_time,1543,ms
4,Svelte,pagination-cycle,2025-12-14T00:32:50.560Z,total_cycle_js_time,1563.7000000000698,ms
4,Svelte,pagination-cycle,2025-12-14T00:32:50.560Z,avg_page_transition,299,ms
4,Svelte,pagination-cycle,2025-12-14T00:32:50.560Z,min_page_transition,284,ms
4,Svelte,pagination-cycle,2025-12-14T00:32:50.560Z,max_page_transition,320,ms
4,Svelte,pagination-cycle,2025-12-14T00:32:50.560Z,avg_api_response_time,28.5,ms
4,Svelte,pagination-cycle,2025-12-14T00:32:50.560Z,total_api_requests,4,count
4,Svelte,pagination-cycle,2025-12-14T00:32:50.560Z,total_network_bytes,277755,bytes
4,Svelte,pagination-cycle,2025-12-14T00:32:50.560Z,memory_delta,0,bytes
5,Svelte,pagination-cycle,2025-12-14T00:32:54.638Z,page_transition_1_next,322,ms
5,Svelte,pagination-cycle,2025-12-14T00:32:54.638Z,page_transition_1_next_js,341.39999999990687,ms
5,Svelte,pagination-cycle,2025-12-14T00:32:54.638Z,page_transition_2_next,300,ms
5,Svelte,pagination-cycle,2025-12-14T00:32:54.638Z,page_transition_2_next_js,316.9000000000233,ms
5,Svelte,pagination-cycle,2025-12-14T00:32:54.638Z,page_transition_3_previous,312,ms
5,Svelte,pagination-cycle,2025-12-14T00:32:54.638Z,page_transition_3_previous_js,329.5,ms
5,Svelte,pagination-cycle,2025-12-14T00:32:54.638Z,page_transition_4_previous,293,ms
5,Svelte,pagination-cycle,2025-12-14T00:32:54.638Z,page_transition_4_previous_js,310.89999999990687,ms
5,Svelte,pagination-cycle,2025-12-14T00:32:54.638Z,total_cycle_time,1563,ms
5,Svelte,pagination-cycle,2025-12-14T00:32:54.638Z,total_cycle_js_time,1583.4000000000233,ms
5,Svelte,pagination-cycle,2025-12-14T00:32:54.638Z,avg_page_transition,306.75,ms
5,Svelte,pagination-cycle,2025-12-14T00:32:54.638Z,min_page_transition,293,ms
5,Svelte,pagination-cycle,2025-12-14T00:32:54.638Z,max_page_transition,322,ms
5,Svelte,pagination-cycle,2025-12-14T00:32:54.638Z,avg_api_response_time,30.75,ms
5,Svelte,pagination-cycle,2025-12-14T00:32:54.638Z,total_api_requests,4,count
5,Svelte,pagination-cycle,2025-12-14T00:32:54.638Z,total_network_bytes,277755,bytes
5,Svelte,pagination-cycle,2025-12-14T00:32:54.638Z,memory_delta,0,bytes
1,Svelte,detail-navigation-cycle,2025-12-14T00:32:57.546Z,initial_detail_load,663,ms
1,Svelte,detail-navigation-cycle,2025-12-14T00:32:57.546Z,next_navigation_time,14,ms
1,Svelte,detail-navigation-cycle,2025-12-14T00:32:57.546Z,next_navigation_js,15.5,ms
1,Svelte,detail-navigation-cycle,2025-12-14T00:32:57.546Z,prev_navigation_time,8,ms
1,Svelte,detail-navigation-cycle,2025-12-14T00:32:57.546Z,prev_navigation_js,9.400000000023283,ms
1,Svelte,detail-navigation-cycle,2025-12-14T00:32:57.546Z,total_cycle_time,334,ms
1,Svelte,detail-navigation-cycle,2025-12-14T00:32:57.546Z,total_cycle_js_time,335.19999999995343,ms
1,Svelte,detail-navigation-cycle,2025-12-14T00:32:57.546Z,avg_navigation_time,11,ms
1,Svelte,detail-navigation-cycle,2025-12-14T00:32:57.546Z,avg_api_response_time,1.25,ms
1,Svelte,detail-navigation-cycle,2025-12-14T00:32:57.546Z,total_api_requests,5,count
1,Svelte,detail-navigation-cycle,2025-12-14T00:32:57.546Z,total_network_bytes,19742,bytes
1,Svelte,detail-navigation-cycle,2025-12-14T00:32:57.546Z,memory_delta,0,bytes
2,Svelte,detail-navigation-cycle,2025-12-14T00:33:00.192Z,initial_detail_load,674,ms
2,Svelte,detail-navigation-cycle,2025-12-14T00:33:00.192Z,next_navigation_time,16,ms
2,Svelte,detail-navigation-cycle,2025-12-14T00:33:00.192Z,next_navigation_js,17,ms
2,Svelte,detail-navigation-cycle,2025-12-14T00:33:00.192Z,prev_navigation_time,10,ms
2,Svelte,detail-navigation-cycle,2025-12-14T00:33:00.192Z,prev_navigation_js,10.900000000023283,ms
2,Svelte,detail-navigation-cycle,2025-12-14T00:33:00.192Z,total_cycle_time,334,ms
2,Svelte,detail-navigation-cycle,2025-12-14T00:33:00.192Z,total_cycle_js_time,335,ms
2,Svelte,detail-navigation-cycle,2025-12-14T00:33:00.192Z,avg_navigation_time,13,ms
2,Svelte,detail-navigation-cycle,2025-12-14T00:33:00.192Z,avg_api_response_time,1.5,ms
2,Svelte,detail-navigation-cycle,2025-12-14T00:33:00.192Z,total_api_requests,5,count
2,Svelte,detail-navigation-cycle,2025-12-14T00:33:00.192Z,total_network_bytes,19742,bytes
2,Svelte,detail-navigation-cycle,2025-12-14T00:33:00.192Z,memory_delta,0,bytes
3,Svelte,detail-navigation-cycle,2025-12-14T00:33:02.842Z,initial_detail_load,678,ms
3,Svelte,detail-navigation-cycle,2025-12-14T00:33:02.842Z,next_navigation_time,15,ms
3,Svelte,detail-navigation-cycle,2025-12-14T00:33:02.842Z,next_navigation_js,16.900000000023283,ms
3,Svelte,detail-navigation-cycle,2025-12-14T00:33:02.842Z,prev_navigation_time,12,ms
3,Svelte,detail-navigation-cycle,2025-12-14T00:33:02.842Z,prev_navigation_js,13.699999999953434,ms
3,Svelte,detail-navigation-cycle,2025-12-14T00:33:02.842Z,total_cycle_time,337,ms
3,Svelte,detail-navigation-cycle,2025-12-14T00:33:02.842Z,total_cycle_js_time,338.29999999993015,ms
3,Svelte,detail-navigation-cycle,2025-12-14T00:33:02.842Z,avg_navigation_time,13.5,ms
3,Svelte,detail-navigation-cycle,2025-12-14T00:33:02.842Z,avg_api_response_time,0.75,ms
3,Svelte,detail-navigation-cycle,2025-12-14T00:33:02.842Z,total_api_requests,5,count
3,Svelte,detail-navigation-cycle,2025-12-14T00:33:02.842Z,total_network_bytes,19742,bytes
3,Svelte,detail-navigation-cycle,2025-12-14T00:33:02.842Z,memory_delta,0,bytes
4,Svelte,detail-navigation-cycle,2025-12-14T00:33:05.491Z,initial_detail_load,677,ms
4,Svelte,detail-navigation-cycle,2025-12-14T00:33:05.491Z,next_navigation_time,13,ms
4,Svelte,detail-navigation-cycle,2025-12-14T00:33:05.491Z,next_navigation_js,13.70000000006985,ms
4,Svelte,detail-navigation-cycle,2025-12-14T00:33:05.491Z,prev_navigation_time,12,ms
4,Svelte,detail-navigation-cycle,2025-12-14T00:33:05.491Z,prev_navigation_js,14.099999999976717,ms
4,Svelte,detail-navigation-cycle,2025-12-14T00:33:05.491Z,total_cycle_time,339,ms
4,Svelte,detail-navigation-cycle,2025-12-14T00:33:05.491Z,total_cycle_js_time,340.19999999995343,ms
4,Svelte,detail-navigation-cycle,2025-12-14T00:33:05.491Z,avg_navigation_time,12.5,ms
4,Svelte,detail-navigation-cycle,2025-12-14T00:33:05.491Z,avg_api_response_time,1.5,ms
4,Svelte,detail-navigation-cycle,2025-12-14T00:33:05.491Z,total_api_requests,5,count
4,Svelte,detail-navigation-cycle,2025-12-14T00:33:05.491Z,total_network_bytes,19742,bytes
4,Svelte,detail-navigation-cycle,2025-12-14T00:33:05.491Z,memory_delta,0,bytes
5,Svelte,detail-navigation-cycle,2025-12-14T00:33:08.128Z,initial_detail_load,674,ms
5,Svelte,detail-navigation-cycle,2025-12-14T00:33:08.128Z,next_navigation_time,14,ms
5,Svelte,detail-navigation-cycle,2025-12-14T00:33:08.128Z,next_navigation_js,17,ms
5,Svelte,detail-navigation-cycle,2025-12-14T00:33:08.128Z,prev_navigation_time,14,ms
5,Svelte,detail-navigation-cycle,2025-12-14T00:33:08.128Z,prev_navigation_js,14.79999999993015,ms
5,Svelte,detail-navigation-cycle,2025-12-14T00:33:08.128Z,total_cycle_time,341,ms
5,Svelte,detail-navigation-cycle,2025-12-14T00:33:08.128Z,total_cycle_js_time,341.5999999999767,ms
5,Svelte,detail-navigation-cycle,2025-12-14T00:33:08.128Z,avg_navigation_time,14,ms
5,Svelte,detail-navigation-cycle,2025-12-14T00:33:08.128Z,avg_api_response_time,1.75,ms
5,Svelte,detail-navigation-cycle,2025-12-14T00:33:08.128Z,total_api_requests,5,count
5,Svelte,detail-navigation-cycle,2025-12-14T00:33:08.128Z,total_network_bytes,19742,bytes
5,Svelte,detail-navigation-cycle,2025-12-14T00:33:08.128Z,memory_delta,0,bytes
1,Solid,initial-page-load,2025-12-14T00:33:10.867Z,fcp,96,ms
1,Solid,initial-page-load,2025-12-14T00:33:10.867Z,lcp,96,ms
1,Solid,initial-page-load,2025-12-14T00:33:10.867Z,cls,0,score
1,Solid,initial-page-load,2025-12-14T00:33:10.867Z,tti,9.900000000023283,ms
1,Solid,initial-page-load,2025-12-14T00:33:10.867Z,tbt,0,ms
1,Solid,initial-page-load,2025-12-14T00:33:10.867Z,initial_heap_size,81400000,bytes
1,Solid,initial-page-load,2025-12-14T00:33:10.867Z,initial_used_heap,50400000,bytes
1,Solid,initial-page-load,2025-12-14T00:33:10.867Z,request_count,54,count
1,Solid,initial-page-load,2025-12-14T00:33:10.867Z,total_bytes,257259,bytes
1,Solid,initial-page-load,2025-12-14T00:33:10.867Z,network_duration,518,ms
1,Solid,initial-page-load,2025-12-14T00:33:10.867Z,largest_request,70965,bytes
1,Solid,initial-page-load,2025-12-14T00:33:10.867Z,avg_api_response_time,38,ms
1,Solid,initial-page-load,2025-12-14T00:33:10.867Z,total_navigation_time,1020,ms
2,Solid,initial-page-load,2025-12-14T00:33:13.603Z,fcp,92,ms
2,Solid,initial-page-load,2025-12-14T00:33:13.603Z,lcp,92,ms
2,Solid,initial-page-load,2025-12-14T00:33:13.603Z,cls,0,score
2,Solid,initial-page-load,2025-12-14T00:33:13.603Z,tti,9,ms
2,Solid,initial-page-load,2025-12-14T00:33:13.603Z,tbt,0,ms
2,Solid,initial-page-load,2025-12-14T00:33:13.603Z,initial_heap_size,81400000,bytes
2,Solid,initial-page-load,2025-12-14T00:33:13.603Z,initial_used_heap,50400000,bytes
2,Solid,initial-page-load,2025-12-14T00:33:13.603Z,request_count,54,count
2,Solid,initial-page-load,2025-12-14T00:33:13.603Z,total_bytes,257259,bytes
2,Solid,initial-page-load,2025-12-14T00:33:13.603Z,network_duration,512,ms
2,Solid,initial-page-load,2025-12-14T00:33:13.603Z,largest_request,70965,bytes
2,Solid,initial-page-load,2025-12-14T00:33:13.603Z,avg_api_response_time,39,ms
2,Solid,initial-page-load,2025-12-14T00:33:13.603Z,total_navigation_time,1014,ms
3,Solid,initial-page-load,2025-12-14T00:33:16.352Z,fcp,92,ms
3,Solid,initial-page-load,2025-12-14T00:33:16.352Z,lcp,92,ms
3,Solid,initial-page-load,2025-12-14T00:33:16.352Z,cls,0,score
3,Solid,initial-page-load,2025-12-14T00:33:16.352Z,tti,12.20000000006985,ms
3,Solid,initial-page-load,2025-12-14T00:33:16.352Z,tbt,0,ms
3,Solid,initial-page-load,2025-12-14T00:33:16.352Z,initial_heap_size,81400000,bytes
3,Solid,initial-page-load,2025-12-14T00:33:16.352Z,initial_used_heap,50400000,bytes
3,Solid,initial-page-load,2025-12-14T00:33:16.352Z,request_count,54,count
3,Solid,initial-page-load,2025-12-14T00:33:16.352Z,total_bytes,257259,bytes
3,Solid,initial-page-load,2025-12-14T00:33:16.352Z,network_duration,520,ms
3,Solid,initial-page-load,2025-12-14T00:33:16.352Z,largest_request,70965,bytes
3,Solid,initial-page-load,2025-12-14T00:33:16.352Z,avg_api_response_time,39,ms
3,Solid,initial-page-load,2025-12-14T00:33:16.352Z,total_navigation_time,1022,ms
4,Solid,initial-page-load,2025-12-14T00:33:19.091Z,fcp,88,ms
4,Solid,initial-page-load,2025-12-14T00:33:19.091Z,lcp,88,ms
4,Solid,initial-page-load,2025-12-14T00:33:19.091Z,cls,0,score
4,Solid,initial-page-load,2025-12-14T00:33:19.091Z,tti,11.79999999993015,ms
4,Solid,initial-page-load,2025-12-14T00:33:19.091Z,tbt,0,ms
4,Solid,initial-page-load,2025-12-14T00:33:19.091Z,initial_heap_size,81400000,bytes
4,Solid,initial-page-load,2025-12-14T00:33:19.091Z,initial_used_heap,50400000,bytes
4,Solid,initial-page-load,2025-12-14T00:33:19.091Z,request_count,54,count
4,Solid,initial-page-load,2025-12-14T00:33:19.091Z,total_bytes,257259,bytes
4,Solid,initial-page-load,2025-12-14T00:33:19.091Z,network_duration,514,ms
4,Solid,initial-page-load,2025-12-14T00:33:19.091Z,largest_request,70965,bytes
4,Solid,initial-page-load,2025-12-14T00:33:19.091Z,avg_api_response_time,38,ms
4,Solid,initial-page-load,2025-12-14T00:33:19.091Z,total_navigation_time,1016,ms
5,Solid,initial-page-load,2025-12-14T00:33:21.830Z,fcp,96,ms
5,Solid,initial-page-load,2025-12-14T00:33:21.830Z,lcp,96,ms
5,Solid,initial-page-load,2025-12-14T00:33:21.830Z,cls,0,score
5,Solid,initial-page-load,2025-12-14T00:33:21.830Z,tti,12.699999999953434,ms
5,Solid,initial-page-load,2025-12-14T00:33:21.830Z,tbt,0,ms
5,Solid,initial-page-load,2025-12-14T00:33:21.830Z,initial_heap_size,81400000,bytes
5,Solid,initial-page-load,2025-12-14T00:33:21.830Z,initial_used_heap,50400000,bytes
5,Solid,initial-page-load,2025-12-14T00:33:21.830Z,request_count,54,count
5,Solid,initial-page-load,2025-12-14T00:33:21.830Z,total_bytes,257259,bytes
5,Solid,initial-page-load,2025-12-14T00:33:21.830Z,network_duration,505,ms
5,Solid,initial-page-load,2025-12-14T00:33:21.830Z,largest_request,70965,bytes
5,Solid,initial-page-load,2025-12-14T00:33:21.830Z,avg_api_response_time,36,ms
5,Solid,initial-page-load,2025-12-14T00:33:21.830Z,total_navigation_time,1008,ms
1,Solid,filter-application,2025-12-14T00:33:25.086Z,filter_duration,103.59999999997672,ms
1,Solid,filter-application,2025-12-14T00:33:25.086Z,total_filter_time,103,ms
1,Solid,filter-application,2025-12-14T00:33:25.086Z,memory_delta,0,bytes
1,Solid,filter-application,2025-12-14T00:33:25.086Z,filtered_row_count,11,count
1,Solid,filter-application,2025-12-14T00:33:25.086Z,js_execution_time,103.59999999997672,ms
2,Solid,filter-application,2025-12-14T00:33:28.022Z,filter_duration,70.80000000004657,ms
2,Solid,filter-application,2025-12-14T00:33:28.022Z,total_filter_time,70,ms
2,Solid,filter-application,2025-12-14T00:33:28.022Z,memory_delta,0,bytes
2,Solid,filter-application,2025-12-14T00:33:28.022Z,filtered_row_count,11,count
2,Solid,filter-application,2025-12-14T00:33:28.022Z,js_execution_time,70.80000000004657,ms
3,Solid,filter-application,2025-12-14T00:33:30.948Z,filter_duration,78.30000000004657,ms
3,Solid,filter-application,2025-12-14T00:33:30.948Z,total_filter_time,77,ms
3,Solid,filter-application,2025-12-14T00:33:30.948Z,memory_delta,0,bytes
3,Solid,filter-application,2025-12-14T00:33:30.948Z,filtered_row_count,11,count
3,Solid,filter-application,2025-12-14T00:33:30.948Z,js_execution_time,78.30000000004657,ms
4,Solid,filter-application,2025-12-14T00:33:33.890Z,filter_duration,77.90000000002328,ms
4,Solid,filter-application,2025-12-14T00:33:33.890Z,total_filter_time,77,ms
4,Solid,filter-application,2025-12-14T00:33:33.890Z,memory_delta,0,bytes
4,Solid,filter-application,2025-12-14T00:33:33.890Z,filtered_row_count,11,count
4,Solid,filter-application,2025-12-14T00:33:33.890Z,js_execution_time,77.90000000002328,ms
5,Solid,filter-application,2025-12-14T00:33:36.838Z,filter_duration,76,ms
5,Solid,filter-application,2025-12-14T00:33:36.838Z,total_filter_time,76,ms
5,Solid,filter-application,2025-12-14T00:33:36.838Z,memory_delta,0,bytes
5,Solid,filter-application,2025-12-14T00:33:36.838Z,filtered_row_count,11,count
5,Solid,filter-application,2025-12-14T00:33:36.838Z,js_execution_time,76,ms
1,Solid,clear-filters,2025-12-14T00:33:40.775Z,clear_duration,206.30000000004657,ms
1,Solid,clear-filters,2025-12-14T00:33:40.775Z,total_clear_time,205,ms
1,Solid,clear-filters,2025-12-14T00:33:40.775Z,memory_delta,0,bytes
1,Solid,clear-filters,2025-12-14T00:33:40.775Z,restored_row_count,50,count
2,Solid,clear-filters,2025-12-14T00:33:44.429Z,clear_duration,213.79999999993015,ms
2,Solid,clear-filters,2025-12-14T00:33:44.429Z,total_clear_time,212,ms
2,Solid,clear-filters,2025-12-14T00:33:44.429Z,memory_delta,0,bytes
2,Solid,clear-filters,2025-12-14T00:33:44.429Z,restored_row_count,50,count
3,Solid,clear-filters,2025-12-14T00:33:48.074Z,clear_duration,217.5,ms
3,Solid,clear-filters,2025-12-14T00:33:48.074Z,total_clear_time,216,ms
3,Solid,clear-filters,2025-12-14T00:33:48.074Z,memory_delta,0,bytes
3,Solid,clear-filters,2025-12-14T00:33:48.074Z,restored_row_count,50,count
4,Solid,clear-filters,2025-12-14T00:33:51.726Z,clear_duration,207.90000000002328,ms
4,Solid,clear-filters,2025-12-14T00:33:51.726Z,total_clear_time,207,ms
4,Solid,clear-filters,2025-12-14T00:33:51.726Z,memory_delta,0,bytes
4,Solid,clear-filters,2025-12-14T00:33:51.726Z,restored_row_count,50,count
5,Solid,clear-filters,2025-12-14T00:33:55.386Z,clear_duration,202.69999999995343,ms
5,Solid,clear-filters,2025-12-14T00:33:55.386Z,total_clear_time,202,ms
5,Solid,clear-filters,2025-12-14T00:33:55.386Z,memory_delta,0,bytes
5,Solid,clear-filters,2025-12-14T00:33:55.386Z,restored_row_count,50,count
1,Solid,expand-collapse-description,2025-12-14T00:33:58.756Z,expand_duration,105.69999999995343,ms
1,Solid,expand-collapse-description,2025-12-14T00:33:58.756Z,expand_total_time,105,ms
1,Solid,expand-collapse-description,2025-12-14T00:33:58.756Z,expand_cls_delta,0.000001980251736111111,score
1,Solid,expand-collapse-description,2025-12-14T00:33:58.756Z,collapse_duration,106.5,ms
1,Solid,expand-collapse-description,2025-12-14T00:33:58.756Z,collapse_total_time,105,ms
1,Solid,expand-collapse-description,2025-12-14T00:33:58.756Z,collapse_cls_delta,0.000001980251736111111,score
2,Solid,expand-collapse-description,2025-12-14T00:34:01.837Z,expand_duration,105.5,ms
2,Solid,expand-collapse-description,2025-12-14T00:34:01.837Z,expand_total_time,104,ms
2,Solid,expand-collapse-description,2025-12-14T00:34:01.837Z,expand_cls_delta,0.000001980251736111111,score
2,Solid,expand-collapse-description,2025-12-14T00:34:01.837Z,collapse_duration,105,ms
2,Solid,expand-collapse-description,2025-12-14T00:34:01.837Z,collapse_total_time,104,ms
2,Solid,expand-collapse-description,2025-12-14T00:34:01.837Z,collapse_cls_delta,0.000001980251736111111,score
3,Solid,expand-collapse-description,2025-12-14T00:34:04.917Z,expand_duration,106,ms
3,Solid,expand-collapse-description,2025-12-14T00:34:04.917Z,expand_total_time,104,ms
3,Solid,expand-collapse-description,2025-12-14T00:34:04.917Z,expand_cls_delta,0.000001980251736111111,score
3,Solid,expand-collapse-description,2025-12-14T00:34:04.917Z,collapse_duration,105.40000000002328,ms
3,Solid,expand-collapse-description,2025-12-14T00:34:04.917Z,collapse_total_time,103,ms
3,Solid,expand-collapse-description,2025-12-14T00:34:04.917Z,collapse_cls_delta,0.000001980251736111111,score
4,Solid,expand-collapse-description,2025-12-14T00:34:07.988Z,expand_duration,104.19999999995343,ms
4,Solid,expand-collapse-description,2025-12-14T00:34:07.988Z,expand_total_time,103,ms
4,Solid,expand-collapse-description,2025-12-14T00:34:07.988Z,expand_cls_delta,0.000001980251736111111,score
4,Solid,expand-collapse-description,2025-12-14T00:34:07.988Z,collapse_duration,105.80000000004657,ms
4,Solid,expand-collapse-description,2025-12-14T00:34:07.988Z,collapse_total_time,104,ms
4,Solid,expand-collapse-description,2025-12-14T00:34:07.988Z,collapse_cls_delta,0.000001980251736111111,score
5,Solid,expand-collapse-description,2025-12-14T00:34:11.063Z,expand_duration,103.30000000004657,ms
5,Solid,expand-collapse-description,2025-12-14T00:34:11.063Z,expand_total_time,102,ms
5,Solid,expand-collapse-description,2025-12-14T00:34:11.063Z,expand_cls_delta,0.000001980251736111111,score
5,Solid,expand-collapse-description,2025-12-14T00:34:11.063Z,collapse_duration,105.19999999995343,ms
5,Solid,expand-collapse-description,2025-12-14T00:34:11.063Z,collapse_total_time,104,ms
5,Solid,expand-collapse-description,2025-12-14T00:34:11.063Z,collapse_cls_delta,0.000001980251736111111,score
1,Solid,navigate-to-detail,2025-12-14T00:34:14.850Z,total_navigation_time,150,ms
1,Solid,navigate-to-detail,2025-12-14T00:34:14.850Z,detail_lcp,88,ms
1,Solid,navigate-to-detail,2025-12-14T00:34:14.850Z,detail_cls,0,score
1,Solid,navigate-to-detail,2025-12-14T00:34:14.850Z,memory_delta,0,bytes
1,Solid,navigate-to-detail,2025-12-14T00:34:14.850Z,detail_request_count,3,count
1,Solid,navigate-to-detail,2025-12-14T00:34:14.850Z,detail_total_bytes,23534,bytes
2,Solid,navigate-to-detail,2025-12-14T00:34:18.387Z,total_navigation_time,170,ms
2,Solid,navigate-to-detail,2025-12-14T00:34:18.387Z,detail_lcp,92,ms
2,Solid,navigate-to-detail,2025-12-14T00:34:18.387Z,detail_cls,0,score
2,Solid,navigate-to-detail,2025-12-14T00:34:18.387Z,memory_delta,0,bytes
2,Solid,navigate-to-detail,2025-12-14T00:34:18.387Z,detail_request_count,3,count
2,Solid,navigate-to-detail,2025-12-14T00:34:18.387Z,detail_total_bytes,23534,bytes
3,Solid,navigate-to-detail,2025-12-14T00:34:21.918Z,total_navigation_time,169,ms
3,Solid,navigate-to-detail,2025-12-14T00:34:21.918Z,detail_lcp,88,ms
3,Solid,navigate-to-detail,2025-12-14T00:34:21.918Z,detail_cls,0,score
3,Solid,navigate-to-detail,2025-12-14T00:34:21.918Z,memory_delta,0,bytes
3,Solid,navigate-to-detail,2025-12-14T00:34:21.918Z,detail_request_count,3,count
3,Solid,navigate-to-detail,2025-12-14T00:34:21.918Z,detail_total_bytes,23534,bytes
4,Solid,navigate-to-detail,2025-12-14T00:34:25.493Z,total_navigation_time,173,ms
4,Solid,navigate-to-detail,2025-12-14T00:34:25.493Z,detail_lcp,92,ms
4,Solid,navigate-to-detail,2025-12-14T00:34:25.493Z,detail_cls,0,score
4,Solid,navigate-to-detail,2025-12-14T00:34:25.493Z,memory_delta,0,bytes
4,Solid,navigate-to-detail,2025-12-14T00:34:25.493Z,detail_request_count,3,count
4,Solid,navigate-to-detail,2025-12-14T00:34:25.493Z,detail_total_bytes,23534,bytes
5,Solid,navigate-to-detail,2025-12-14T00:34:29.043Z,total_navigation_time,172,ms
5,Solid,navigate-to-detail,2025-12-14T00:34:29.043Z,detail_lcp,96,ms
5,Solid,navigate-to-detail,2025-12-14T00:34:29.043Z,detail_cls,0,score
5,Solid,navigate-to-detail,2025-12-14T00:34:29.043Z,memory_delta,0,bytes
5,Solid,navigate-to-detail,2025-12-14T00:34:29.043Z,detail_request_count,3,count
5,Solid,navigate-to-detail,2025-12-14T00:34:29.043Z,detail_total_bytes,23534,bytes
1,Solid,navigate-back-to-list,2025-12-14T00:34:33.613Z,total_back_navigation_time,265,ms
1,Solid,navigate-back-to-list,2025-12-14T00:34:33.613Z,rendered_row_count,50,count
1,Solid,navigate-back-to-list,2025-12-14T00:34:33.613Z,memory_delta,0,bytes
2,Solid,navigate-back-to-list,2025-12-14T00:34:37.917Z,total_back_navigation_time,271,ms
2,Solid,navigate-back-to-list,2025-12-14T00:34:37.917Z,rendered_row_count,50,count
2,Solid,navigate-back-to-list,2025-12-14T00:34:37.917Z,memory_delta,0,bytes
3,Solid,navigate-back-to-list,2025-12-14T00:34:42.222Z,total_back_navigation_time,281,ms
3,Solid,navigate-back-to-list,2025-12-14T00:34:42.222Z,rendered_row_count,50,count
3,Solid,navigate-back-to-list,2025-12-14T00:34:42.222Z,memory_delta,0,bytes
4,Solid,navigate-back-to-list,2025-12-14T00:34:46.509Z,total_back_navigation_time,284,ms
4,Solid,navigate-back-to-list,2025-12-14T00:34:46.509Z,rendered_row_count,50,count
4,Solid,navigate-back-to-list,2025-12-14T00:34:46.509Z,memory_delta,0,bytes
5,Solid,navigate-back-to-list,2025-12-14T00:34:50.859Z,total_back_navigation_time,302,ms
5,Solid,navigate-back-to-list,2025-12-14T00:34:50.859Z,rendered_row_count,50,count
5,Solid,navigate-back-to-list,2025-12-14T00:34:50.859Z,memory_delta,0,bytes
1,Solid,pagination-cycle,2025-12-14T00:34:55.545Z,page_transition_1_next,442,ms
1,Solid,pagination-cycle,2025-12-14T00:34:55.545Z,page_transition_1_next_js,449,ms
1,Solid,pagination-cycle,2025-12-14T00:34:55.545Z,page_transition_2_next,254,ms
1,Solid,pagination-cycle,2025-12-14T00:34:55.545Z,page_transition_2_next_js,351.30000000004657,ms
1,Solid,pagination-cycle,2025-12-14T00:34:55.545Z,page_transition_3_previous,332,ms
1,Solid,pagination-cycle,2025-12-14T00:34:55.545Z,page_transition_3_previous_js,339.5,ms
1,Solid,pagination-cycle,2025-12-14T00:34:55.545Z,page_transition_4_previous,291,ms
1,Solid,pagination-cycle,2025-12-14T00:34:55.545Z,page_transition_4_previous_js,323.19999999995343,ms
1,Solid,pagination-cycle,2025-12-14T00:34:55.545Z,total_cycle_time,1524,ms
1,Solid,pagination-cycle,2025-12-14T00:34:55.545Z,total_cycle_js_time,1525.7999999999302,ms
1,Solid,pagination-cycle,2025-12-14T00:34:55.545Z,avg_page_transition,329.75,ms
1,Solid,pagination-cycle,2025-12-14T00:34:55.545Z,min_page_transition,254,ms
1,Solid,pagination-cycle,2025-12-14T00:34:55.545Z,max_page_transition,442,ms
1,Solid,pagination-cycle,2025-12-14T00:34:55.545Z,avg_api_response_time,23.75,ms
1,Solid,pagination-cycle,2025-12-14T00:34:55.545Z,total_api_requests,4,count
1,Solid,pagination-cycle,2025-12-14T00:34:55.545Z,total_network_bytes,277755,bytes
1,Solid,pagination-cycle,2025-12-14T00:34:55.545Z,memory_delta,0,bytes
2,Solid,pagination-cycle,2025-12-14T00:34:59.934Z,page_transition_1_next,358,ms
2,Solid,pagination-cycle,2025-12-14T00:34:59.934Z,page_transition_1_next_js,451.39999999990687,ms
2,Solid,pagination-cycle,2025-12-14T00:34:59.934Z,page_transition_2_next,250,ms
2,Solid,pagination-cycle,2025-12-14T00:34:59.934Z,page_transition_2_next_js,341.0999999999767,ms
2,Solid,pagination-cycle,2025-12-14T00:34:59.934Z,page_transition_3_previous,240,ms
2,Solid,pagination-cycle,2025-12-14T00:34:59.934Z,page_transition_3_previous_js,332,ms
2,Solid,pagination-cycle,2025-12-14T00:34:59.934Z,page_transition_4_previous,213,ms
2,Solid,pagination-cycle,2025-12-14T00:34:59.934Z,page_transition_4_previous_js,288.4000000000233,ms
2,Solid,pagination-cycle,2025-12-14T00:34:59.934Z,total_cycle_time,1487,ms
2,Solid,pagination-cycle,2025-12-14T00:34:59.934Z,total_cycle_js_time,1499.0999999999767,ms
2,Solid,pagination-cycle,2025-12-14T00:34:59.934Z,avg_page_transition,265.25,ms
2,Solid,pagination-cycle,2025-12-14T00:34:59.934Z,min_page_transition,213,ms
2,Solid,pagination-cycle,2025-12-14T00:34:59.934Z,max_page_transition,358,ms
2,Solid,pagination-cycle,2025-12-14T00:34:59.934Z,avg_api_response_time,30.25,ms
2,Solid,pagination-cycle,2025-12-14T00:34:59.934Z,total_api_requests,4,count
2,Solid,pagination-cycle,2025-12-14T00:34:59.934Z,total_network_bytes,277755,bytes
2,Solid,pagination-cycle,2025-12-14T00:34:59.934Z,memory_delta,0,bytes
3,Solid,pagination-cycle,2025-12-14T00:35:04.224Z,page_transition_1_next,305,ms
3,Solid,pagination-cycle,2025-12-14T00:35:04.224Z,page_transition_1_next_js,399.29999999993015,ms
3,Solid,pagination-cycle,2025-12-14T00:35:04.224Z,page_transition_2_next,249,ms
3,Solid,pagination-cycle,2025-12-14T00:35:04.224Z,page_transition_2_next_js,341.5999999999767,ms
3,Solid,pagination-cycle,2025-12-14T00:35:04.224Z,page_transition_3_previous,230,ms
3,Solid,pagination-cycle,2025-12-14T00:35:04.224Z,page_transition_3_previous_js,321.89999999990687,ms
3,Solid,pagination-cycle,2025-12-14T00:35:04.224Z,page_transition_4_previous,217,ms
3,Solid,pagination-cycle,2025-12-14T00:35:04.224Z,page_transition_4_previous_js,291.80000000004657,ms
3,Solid,pagination-cycle,2025-12-14T00:35:04.224Z,total_cycle_time,1429,ms
3,Solid,pagination-cycle,2025-12-14T00:35:04.224Z,total_cycle_js_time,1445.4000000000233,ms
3,Solid,pagination-cycle,2025-12-14T00:35:04.224Z,avg_page_transition,250.25,ms
3,Solid,pagination-cycle,2025-12-14T00:35:04.224Z,min_page_transition,217,ms
3,Solid,pagination-cycle,2025-12-14T00:35:04.224Z,max_page_transition,305,ms
3,Solid,pagination-cycle,2025-12-14T00:35:04.224Z,avg_api_response_time,29.75,ms
3,Solid,pagination-cycle,2025-12-14T00:35:04.224Z,total_api_requests,4,count
3,Solid,pagination-cycle,2025-12-14T00:35:04.224Z,total_network_bytes,277755,bytes
3,Solid,pagination-cycle,2025-12-14T00:35:04.224Z,memory_delta,0,bytes
4,Solid,pagination-cycle,2025-12-14T00:35:08.612Z,page_transition_1_next,298,ms
4,Solid,pagination-cycle,2025-12-14T00:35:08.612Z,page_transition_1_next_js,403.9000000000233,ms
4,Solid,pagination-cycle,2025-12-14T00:35:08.612Z,page_transition_2_next,254,ms
4,Solid,pagination-cycle,2025-12-14T00:35:08.612Z,page_transition_2_next_js,353.9000000000233,ms
4,Solid,pagination-cycle,2025-12-14T00:35:08.612Z,page_transition_3_previous,347,ms
4,Solid,pagination-cycle,2025-12-14T00:35:08.612Z,page_transition_3_previous_js,350.4000000000233,ms
4,Solid,pagination-cycle,2025-12-14T00:35:08.612Z,page_transition_4_previous,208,ms
4,Solid,pagination-cycle,2025-12-14T00:35:08.612Z,page_transition_4_previous_js,293.4000000000233,ms
4,Solid,pagination-cycle,2025-12-14T00:35:08.612Z,total_cycle_time,1504,ms
4,Solid,pagination-cycle,2025-12-14T00:35:08.612Z,total_cycle_js_time,1516.5999999999767,ms
4,Solid,pagination-cycle,2025-12-14T00:35:08.612Z,avg_page_transition,276.75,ms
4,Solid,pagination-cycle,2025-12-14T00:35:08.612Z,min_page_transition,208,ms
4,Solid,pagination-cycle,2025-12-14T00:35:08.612Z,max_page_transition,347,ms
4,Solid,pagination-cycle,2025-12-14T00:35:08.612Z,avg_api_response_time,25,ms
4,Solid,pagination-cycle,2025-12-14T00:35:08.612Z,total_api_requests,4,count
4,Solid,pagination-cycle,2025-12-14T00:35:08.612Z,total_network_bytes,277755,bytes
4,Solid,pagination-cycle,2025-12-14T00:35:08.612Z,memory_delta,0,bytes
5,Solid,pagination-cycle,2025-12-14T00:35:13.007Z,page_transition_1_next,320,ms
5,Solid,pagination-cycle,2025-12-14T00:35:13.007Z,page_transition_1_next_js,415.19999999995343,ms
5,Solid,pagination-cycle,2025-12-14T00:35:13.007Z,page_transition_2_next,348,ms
5,Solid,pagination-cycle,2025-12-14T00:35:13.007Z,page_transition_2_next_js,350.69999999995343,ms
5,Solid,pagination-cycle,2025-12-14T00:35:13.007Z,page_transition_3_previous,241,ms
5,Solid,pagination-cycle,2025-12-14T00:35:13.007Z,page_transition_3_previous_js,337.69999999995343,ms
5,Solid,pagination-cycle,2025-12-14T00:35:13.007Z,page_transition_4_previous,227,ms
5,Solid,pagination-cycle,2025-12-14T00:35:13.007Z,page_transition_4_previous_js,313.4000000000233,ms
5,Solid,pagination-cycle,2025-12-14T00:35:13.007Z,total_cycle_time,1490,ms
5,Solid,pagination-cycle,2025-12-14T00:35:13.007Z,total_cycle_js_time,1504.5,ms
5,Solid,pagination-cycle,2025-12-14T00:35:13.007Z,avg_page_transition,284,ms
5,Solid,pagination-cycle,2025-12-14T00:35:13.007Z,min_page_transition,227,ms
5,Solid,pagination-cycle,2025-12-14T00:35:13.007Z,max_page_transition,348,ms
5,Solid,pagination-cycle,2025-12-14T00:35:13.007Z,avg_api_response_time,27,ms
5,Solid,pagination-cycle,2025-12-14T00:35:13.007Z,total_api_requests,4,count
5,Solid,pagination-cycle,2025-12-14T00:35:13.007Z,total_network_bytes,277755,bytes
5,Solid,pagination-cycle,2025-12-14T00:35:13.007Z,memory_delta,0,bytes
1,Solid,detail-navigation-cycle,2025-12-14T00:35:15.938Z,initial_detail_load,647,ms
1,Solid,detail-navigation-cycle,2025-12-14T00:35:15.938Z,next_navigation_time,12,ms
1,Solid,detail-navigation-cycle,2025-12-14T00:35:15.938Z,next_navigation_js,14,ms
1,Solid,detail-navigation-cycle,2025-12-14T00:35:15.938Z,prev_navigation_time,11,ms
1,Solid,detail-navigation-cycle,2025-12-14T00:35:15.938Z,prev_navigation_js,12.100000000093132,ms
1,Solid,detail-navigation-cycle,2025-12-14T00:35:15.938Z,total_cycle_time,333,ms
1,Solid,detail-navigation-cycle,2025-12-14T00:35:15.938Z,total_cycle_js_time,333.9000000000233,ms
1,Solid,detail-navigation-cycle,2025-12-14T00:35:15.938Z,avg_navigation_time,11.5,ms
1,Solid,detail-navigation-cycle,2025-12-14T00:35:15.938Z,avg_api_response_time,1.5,ms
1,Solid,detail-navigation-cycle,2025-12-14T00:35:15.938Z,total_api_requests,5,count
1,Solid,detail-navigation-cycle,2025-12-14T00:35:15.938Z,total_network_bytes,19742,bytes
1,Solid,detail-navigation-cycle,2025-12-14T00:35:15.938Z,memory_delta,0,bytes
2,Solid,detail-navigation-cycle,2025-12-14T00:35:18.566Z,initial_detail_load,650,ms
2,Solid,detail-navigation-cycle,2025-12-14T00:35:18.566Z,next_navigation_time,10,ms
2,Solid,detail-navigation-cycle,2025-12-14T00:35:18.566Z,next_navigation_js,10.800000000046566,ms
2,Solid,detail-navigation-cycle,2025-12-14T00:35:18.566Z,prev_navigation_time,9,ms
2,Solid,detail-navigation-cycle,2025-12-14T00:35:18.566Z,prev_navigation_js,10.400000000023283,ms
2,Solid,detail-navigation-cycle,2025-12-14T00:35:18.566Z,total_cycle_time,331,ms
2,Solid,detail-navigation-cycle,2025-12-14T00:35:18.566Z,total_cycle_js_time,332.0999999999767,ms
2,Solid,detail-navigation-cycle,2025-12-14T00:35:18.566Z,avg_navigation_time,9.5,ms
2,Solid,detail-navigation-cycle,2025-12-14T00:35:18.566Z,avg_api_response_time,2,ms
2,Solid,detail-navigation-cycle,2025-12-14T00:35:18.566Z,total_api_requests,5,count
2,Solid,detail-navigation-cycle,2025-12-14T00:35:18.566Z,total_network_bytes,19742,bytes
2,Solid,detail-navigation-cycle,2025-12-14T00:35:18.566Z,memory_delta,0,bytes
3,Solid,detail-navigation-cycle,2025-12-14T00:35:21.184Z,initial_detail_load,651,ms
3,Solid,detail-navigation-cycle,2025-12-14T00:35:21.184Z,next_navigation_time,12,ms
3,Solid,detail-navigation-cycle,2025-12-14T00:35:21.184Z,next_navigation_js,12.400000000023283,ms
3,Solid,detail-navigation-cycle,2025-12-14T00:35:21.184Z,prev_navigation_time,9,ms
3,Solid,detail-navigation-cycle,2025-12-14T00:35:21.184Z,prev_navigation_js,10.100000000093132,ms
3,Solid,detail-navigation-cycle,2025-12-14T00:35:21.184Z,total_cycle_time,334,ms
3,Solid,detail-navigation-cycle,2025-12-14T00:35:21.184Z,total_cycle_js_time,334.9000000000233,ms
3,Solid,detail-navigation-cycle,2025-12-14T00:35:21.184Z,avg_navigation_time,10.5,ms
3,Solid,detail-navigation-cycle,2025-12-14T00:35:21.184Z,avg_api_response_time,2.25,ms
3,Solid,detail-navigation-cycle,2025-12-14T00:35:21.184Z,total_api_requests,5,count
3,Solid,detail-navigation-cycle,2025-12-14T00:35:21.184Z,total_network_bytes,19742,bytes
3,Solid,detail-navigation-cycle,2025-12-14T00:35:21.184Z,memory_delta,0,bytes
4,Solid,detail-navigation-cycle,2025-12-14T00:35:23.825Z,initial_detail_load,661,ms
4,Solid,detail-navigation-cycle,2025-12-14T00:35:23.825Z,next_navigation_time,11,ms
4,Solid,detail-navigation-cycle,2025-12-14T00:35:23.825Z,next_navigation_js,12.099999999976717,ms
4,Solid,detail-navigation-cycle,2025-12-14T00:35:23.825Z,prev_navigation_time,9,ms
4,Solid,detail-navigation-cycle,2025-12-14T00:35:23.825Z,prev_navigation_js,11.29999999993015,ms
4,Solid,detail-navigation-cycle,2025-12-14T00:35:23.825Z,total_cycle_time,330,ms
4,Solid,detail-navigation-cycle,2025-12-14T00:35:23.825Z,total_cycle_js_time,331.70000000006985,ms
4,Solid,detail-navigation-cycle,2025-12-14T00:35:23.825Z,avg_navigation_time,10,ms
4,Solid,detail-navigation-cycle,2025-12-14T00:35:23.825Z,avg_api_response_time,2.5,ms
4,Solid,detail-navigation-cycle,2025-12-14T00:35:23.825Z,total_api_requests,5,count
4,Solid,detail-navigation-cycle,2025-12-14T00:35:23.825Z,total_network_bytes,19742,bytes
4,Solid,detail-navigation-cycle,2025-12-14T00:35:23.825Z,memory_delta,0,bytes
5,Solid,detail-navigation-cycle,2025-12-14T00:35:26.462Z,initial_detail_load,663,ms
5,Solid,detail-navigation-cycle,2025-12-14T00:35:26.462Z,next_navigation_time,9,ms
5,Solid,detail-navigation-cycle,2025-12-14T00:35:26.462Z,next_navigation_js,9.699999999953434,ms
5,Solid,detail-navigation-cycle,2025-12-14T00:35:26.462Z,prev_navigation_time,8,ms
5,Solid,detail-navigation-cycle,2025-12-14T00:35:26.462Z,prev_navigation_js,9.5,ms
5,Solid,detail-navigation-cycle,2025-12-14T00:35:26.462Z,total_cycle_time,326,ms
5,Solid,detail-navigation-cycle,2025-12-14T00:35:26.462Z,total_cycle_js_time,327.5999999999767,ms
5,Solid,detail-navigation-cycle,2025-12-14T00:35:26.462Z,avg_navigation_time,8.5,ms
5,Solid,detail-navigation-cycle,2025-12-14T00:35:26.462Z,avg_api_response_time,1.5,ms
5,Solid,detail-navigation-cycle,2025-12-14T00:35:26.462Z,total_api_requests,5,count
5,Solid,detail-navigation-cycle,2025-12-14T00:35:26.462Z,total_network_bytes,19742,bytes
5,Solid,detail-navigation-cycle,2025-12-14T00:35:26.462Z,memory_delta,0,bytes
1,Lit,initial-page-load,2025-12-14T00:35:29.186Z,fcp,92,ms
1,Lit,initial-page-load,2025-12-14T00:35:29.186Z,lcp,92,ms
1,Lit,initial-page-load,2025-12-14T00:35:29.186Z,cls,0,score
1,Lit,initial-page-load,2025-12-14T00:35:29.186Z,tti,9.79999999993015,ms
1,Lit,initial-page-load,2025-12-14T00:35:29.186Z,tbt,0,ms
1,Lit,initial-page-load,2025-12-14T00:35:29.186Z,initial_heap_size,16100000,bytes
1,Lit,initial-page-load,2025-12-14T00:35:29.186Z,initial_used_heap,10000000,bytes
1,Lit,initial-page-load,2025-12-14T00:35:29.186Z,request_count,54,count
1,Lit,initial-page-load,2025-12-14T00:35:29.186Z,total_bytes,265418,bytes
1,Lit,initial-page-load,2025-12-14T00:35:29.186Z,network_duration,490,ms
1,Lit,initial-page-load,2025-12-14T00:35:29.186Z,largest_request,90546,bytes
1,Lit,initial-page-load,2025-12-14T00:35:29.186Z,avg_api_response_time,26,ms
1,Lit,initial-page-load,2025-12-14T00:35:29.186Z,total_navigation_time,991,ms
2,Lit,initial-page-load,2025-12-14T00:35:31.935Z,fcp,100,ms
2,Lit,initial-page-load,2025-12-14T00:35:31.935Z,lcp,100,ms
2,Lit,initial-page-load,2025-12-14T00:35:31.935Z,cls,0,score
2,Lit,initial-page-load,2025-12-14T00:35:31.935Z,tti,13.199999999953434,ms
2,Lit,initial-page-load,2025-12-14T00:35:31.935Z,tbt,0,ms
2,Lit,initial-page-load,2025-12-14T00:35:31.935Z,initial_heap_size,15200000,bytes
2,Lit,initial-page-load,2025-12-14T00:35:31.935Z,initial_used_heap,10000000,bytes
2,Lit,initial-page-load,2025-12-14T00:35:31.935Z,request_count,54,count
2,Lit,initial-page-load,2025-12-14T00:35:31.935Z,total_bytes,265418,bytes
2,Lit,initial-page-load,2025-12-14T00:35:31.935Z,network_duration,504,ms
2,Lit,initial-page-load,2025-12-14T00:35:31.935Z,largest_request,90546,bytes
2,Lit,initial-page-load,2025-12-14T00:35:31.935Z,avg_api_response_time,29,ms
2,Lit,initial-page-load,2025-12-14T00:35:31.935Z,total_navigation_time,1006,ms
3,Lit,initial-page-load,2025-12-14T00:35:34.697Z,fcp,100,ms
3,Lit,initial-page-load,2025-12-14T00:35:34.697Z,lcp,100,ms
3,Lit,initial-page-load,2025-12-14T00:35:34.697Z,cls,0,score
3,Lit,initial-page-load,2025-12-14T00:35:34.697Z,tti,13.599999999976717,ms
3,Lit,initial-page-load,2025-12-14T00:35:34.697Z,tbt,0,ms
3,Lit,initial-page-load,2025-12-14T00:35:34.697Z,initial_heap_size,16100000,bytes
3,Lit,initial-page-load,2025-12-14T00:35:34.697Z,initial_used_heap,10000000,bytes
3,Lit,initial-page-load,2025-12-14T00:35:34.697Z,request_count,54,count
3,Lit,initial-page-load,2025-12-14T00:35:34.697Z,total_bytes,265418,bytes
3,Lit,initial-page-load,2025-12-14T00:35:34.697Z,network_duration,512,ms
3,Lit,initial-page-load,2025-12-14T00:35:34.697Z,largest_request,90546,bytes
3,Lit,initial-page-load,2025-12-14T00:35:34.697Z,avg_api_response_time,28,ms
3,Lit,initial-page-load,2025-12-14T00:35:34.697Z,total_navigation_time,1016,ms
4,Lit,initial-page-load,2025-12-14T00:35:37.444Z,fcp,104,ms
4,Lit,initial-page-load,2025-12-14T00:35:37.444Z,lcp,104,ms
4,Lit,initial-page-load,2025-12-14T00:35:37.444Z,cls,0,score
4,Lit,initial-page-load,2025-12-14T00:35:37.444Z,tti,11.800000000046566,ms
4,Lit,initial-page-load,2025-12-14T00:35:37.444Z,tbt,0,ms
4,Lit,initial-page-load,2025-12-14T00:35:37.444Z,initial_heap_size,15200000,bytes
4,Lit,initial-page-load,2025-12-14T00:35:37.444Z,initial_used_heap,10000000,bytes
4,Lit,initial-page-load,2025-12-14T00:35:37.444Z,request_count,54,count
4,Lit,initial-page-load,2025-12-14T00:35:37.444Z,total_bytes,265418,bytes
4,Lit,initial-page-load,2025-12-14T00:35:37.444Z,network_duration,506,ms
4,Lit,initial-page-load,2025-12-14T00:35:37.444Z,largest_request,90546,bytes
4,Lit,initial-page-load,2025-12-14T00:35:37.444Z,avg_api_response_time,41,ms
4,Lit,initial-page-load,2025-12-14T00:35:37.444Z,total_navigation_time,1009,ms
5,Lit,initial-page-load,2025-12-14T00:35:40.186Z,fcp,100,ms
5,Lit,initial-page-load,2025-12-14T00:35:40.186Z,lcp,100,ms
5,Lit,initial-page-load,2025-12-14T00:35:40.186Z,cls,0,score
5,Lit,initial-page-load,2025-12-14T00:35:40.186Z,tti,12.5,ms
5,Lit,initial-page-load,2025-12-14T00:35:40.186Z,tbt,0,ms
5,Lit,initial-page-load,2025-12-14T00:35:40.186Z,initial_heap_size,16100000,bytes
5,Lit,initial-page-load,2025-12-14T00:35:40.186Z,initial_used_heap,10000000,bytes
5,Lit,initial-page-load,2025-12-14T00:35:40.186Z,request_count,54,count
5,Lit,initial-page-load,2025-12-14T00:35:40.186Z,total_bytes,265418,bytes
5,Lit,initial-page-load,2025-12-14T00:35:40.186Z,network_duration,502,ms
5,Lit,initial-page-load,2025-12-14T00:35:40.186Z,largest_request,90546,bytes
5,Lit,initial-page-load,2025-12-14T00:35:40.186Z,avg_api_response_time,39,ms
5,Lit,initial-page-load,2025-12-14T00:35:40.186Z,total_navigation_time,1004,ms
1,Lit,filter-application,2025-12-14T00:35:43.619Z,filter_duration,164.80000000004657,ms
1,Lit,filter-application,2025-12-14T00:35:43.619Z,total_filter_time,164,ms
1,Lit,filter-application,2025-12-14T00:35:43.619Z,memory_delta,0,bytes
1,Lit,filter-application,2025-12-14T00:35:43.619Z,filtered_row_count,11,count
1,Lit,filter-application,2025-12-14T00:35:43.619Z,js_execution_time,164.80000000004657,ms
2,Lit,filter-application,2025-12-14T00:35:46.635Z,filter_duration,131.40000000002328,ms
2,Lit,filter-application,2025-12-14T00:35:46.635Z,total_filter_time,130,ms
2,Lit,filter-application,2025-12-14T00:35:46.635Z,memory_delta,0,bytes
2,Lit,filter-application,2025-12-14T00:35:46.635Z,filtered_row_count,11,count
2,Lit,filter-application,2025-12-14T00:35:46.635Z,js_execution_time,131.40000000002328,ms
3,Lit,filter-application,2025-12-14T00:35:49.682Z,filter_duration,125.69999999995343,ms
3,Lit,filter-application,2025-12-14T00:35:49.682Z,total_filter_time,124,ms
3,Lit,filter-application,2025-12-14T00:35:49.682Z,memory_delta,0,bytes
3,Lit,filter-application,2025-12-14T00:35:49.682Z,filtered_row_count,11,count
3,Lit,filter-application,2025-12-14T00:35:49.682Z,js_execution_time,125.69999999995343,ms
4,Lit,filter-application,2025-12-14T00:35:52.689Z,filter_duration,121.30000000004657,ms
4,Lit,filter-application,2025-12-14T00:35:52.689Z,total_filter_time,121,ms
4,Lit,filter-application,2025-12-14T00:35:52.689Z,memory_delta,0,bytes
4,Lit,filter-application,2025-12-14T00:35:52.689Z,filtered_row_count,11,count
4,Lit,filter-application,2025-12-14T00:35:52.689Z,js_execution_time,121.30000000004657,ms
5,Lit,filter-application,2025-12-14T00:35:55.732Z,filter_duration,138.80000000004657,ms
5,Lit,filter-application,2025-12-14T00:35:55.732Z,total_filter_time,129,ms
5,Lit,filter-application,2025-12-14T00:35:55.732Z,memory_delta,0,bytes
5,Lit,filter-application,2025-12-14T00:35:55.732Z,filtered_row_count,11,count
5,Lit,filter-application,2025-12-14T00:35:55.732Z,js_execution_time,138.80000000004657,ms
1,Lit,clear-filters,2025-12-14T00:36:00.249Z,clear_duration,463.19999999995343,ms
1,Lit,clear-filters,2025-12-14T00:36:00.249Z,total_clear_time,436,ms
1,Lit,clear-filters,2025-12-14T00:36:00.249Z,memory_delta,0,bytes
1,Lit,clear-filters,2025-12-14T00:36:00.249Z,restored_row_count,50,count
2,Lit,clear-filters,2025-12-14T00:36:04.411Z,clear_duration,465.0999999999767,ms
2,Lit,clear-filters,2025-12-14T00:36:04.411Z,total_clear_time,440,ms
2,Lit,clear-filters,2025-12-14T00:36:04.411Z,memory_delta,0,bytes
2,Lit,clear-filters,2025-12-14T00:36:04.411Z,restored_row_count,50,count
3,Lit,clear-filters,2025-12-14T00:36:08.482Z,clear_duration,438.5999999999767,ms
3,Lit,clear-filters,2025-12-14T00:36:08.482Z,total_clear_time,416,ms
3,Lit,clear-filters,2025-12-14T00:36:08.482Z,memory_delta,0,bytes
3,Lit,clear-filters,2025-12-14T00:36:08.482Z,restored_row_count,50,count
4,Lit,clear-filters,2025-12-14T00:36:12.466Z,clear_duration,372.70000000006985,ms
4,Lit,clear-filters,2025-12-14T00:36:12.466Z,total_clear_time,350,ms
4,Lit,clear-filters,2025-12-14T00:36:12.466Z,memory_delta,0,bytes
4,Lit,clear-filters,2025-12-14T00:36:12.466Z,restored_row_count,50,count
5,Lit,clear-filters,2025-12-14T00:36:16.453Z,clear_duration,459.9000000000233,ms
5,Lit,clear-filters,2025-12-14T00:36:16.453Z,total_clear_time,424,ms
5,Lit,clear-filters,2025-12-14T00:36:16.453Z,memory_delta,0,bytes
5,Lit,clear-filters,2025-12-14T00:36:16.453Z,restored_row_count,50,count
1,Lit,expand-collapse-description,2025-12-14T00:36:19.790Z,expand_duration,108.30000000004657,ms
1,Lit,expand-collapse-description,2025-12-14T00:36:19.790Z,expand_total_time,107,ms
1,Lit,expand-collapse-description,2025-12-14T00:36:19.790Z,expand_cls_delta,0.000001980251736111111,score
1,Lit,expand-collapse-description,2025-12-14T00:36:19.790Z,collapse_duration,106.29999999993015,ms
1,Lit,expand-collapse-description,2025-12-14T00:36:19.790Z,collapse_total_time,105,ms
1,Lit,expand-collapse-description,2025-12-14T00:36:19.790Z,collapse_cls_delta,0.000001980251736111111,score
2,Lit,expand-collapse-description,2025-12-14T00:36:22.823Z,expand_duration,106.19999999995343,ms
2,Lit,expand-collapse-description,2025-12-14T00:36:22.823Z,expand_total_time,105,ms
2,Lit,expand-collapse-description,2025-12-14T00:36:22.823Z,expand_cls_delta,0.000001980251736111111,score
2,Lit,expand-collapse-description,2025-12-14T00:36:22.823Z,collapse_duration,108.09999999997672,ms
2,Lit,expand-collapse-description,2025-12-14T00:36:22.823Z,collapse_total_time,107,ms
2,Lit,expand-collapse-description,2025-12-14T00:36:22.823Z,collapse_cls_delta,0.000001980251736111111,score
3,Lit,expand-collapse-description,2025-12-14T00:36:25.851Z,expand_duration,106.69999999995343,ms
3,Lit,expand-collapse-description,2025-12-14T00:36:25.851Z,expand_total_time,106,ms
3,Lit,expand-collapse-description,2025-12-14T00:36:25.851Z,expand_cls_delta,0.000001980251736111111,score
3,Lit,expand-collapse-description,2025-12-14T00:36:25.851Z,collapse_duration,106.29999999993015,ms
3,Lit,expand-collapse-description,2025-12-14T00:36:25.851Z,collapse_total_time,105,ms
3,Lit,expand-collapse-description,2025-12-14T00:36:25.851Z,collapse_cls_delta,0.000001980251736111111,score
4,Lit,expand-collapse-description,2025-12-14T00:36:28.886Z,expand_duration,107.40000000002328,ms
4,Lit,expand-collapse-description,2025-12-14T00:36:28.886Z,expand_total_time,105,ms
4,Lit,expand-collapse-description,2025-12-14T00:36:28.886Z,expand_cls_delta,0.000001980251736111111,score
4,Lit,expand-collapse-description,2025-12-14T00:36:28.886Z,collapse_duration,107.5,ms
4,Lit,expand-collapse-description,2025-12-14T00:36:28.886Z,collapse_total_time,106,ms
4,Lit,expand-collapse-description,2025-12-14T00:36:28.886Z,collapse_cls_delta,0.000001980251736111111,score
5,Lit,expand-collapse-description,2025-12-14T00:36:31.931Z,expand_duration,106.90000000002328,ms
5,Lit,expand-collapse-description,2025-12-14T00:36:31.931Z,expand_total_time,105,ms
5,Lit,expand-collapse-description,2025-12-14T00:36:31.931Z,expand_cls_delta,0.000001980251736111111,score
5,Lit,expand-collapse-description,2025-12-14T00:36:31.931Z,collapse_duration,109,ms
5,Lit,expand-collapse-description,2025-12-14T00:36:31.931Z,collapse_total_time,107,ms
5,Lit,expand-collapse-description,2025-12-14T00:36:31.931Z,collapse_cls_delta,0.000001980251736111111,score
1,Lit,navigate-to-detail,2025-12-14T00:36:35.747Z,total_navigation_time,187,ms
1,Lit,navigate-to-detail,2025-12-14T00:36:35.747Z,detail_lcp,88,ms
1,Lit,navigate-to-detail,2025-12-14T00:36:35.747Z,detail_cls,0,score
1,Lit,navigate-to-detail,2025-12-14T00:36:35.747Z,memory_delta,0,bytes
1,Lit,navigate-to-detail,2025-12-14T00:36:35.747Z,detail_request_count,5,count
1,Lit,navigate-to-detail,2025-12-14T00:36:35.747Z,detail_total_bytes,25714,bytes
2,Lit,navigate-to-detail,2025-12-14T00:36:39.256Z,total_navigation_time,170,ms
2,Lit,navigate-to-detail,2025-12-14T00:36:39.256Z,detail_lcp,84,ms
2,Lit,navigate-to-detail,2025-12-14T00:36:39.256Z,detail_cls,0,score
2,Lit,navigate-to-detail,2025-12-14T00:36:39.256Z,memory_delta,0,bytes
2,Lit,navigate-to-detail,2025-12-14T00:36:39.256Z,detail_request_count,5,count
2,Lit,navigate-to-detail,2025-12-14T00:36:39.256Z,detail_total_bytes,25714,bytes
3,Lit,navigate-to-detail,2025-12-14T00:36:42.769Z,total_navigation_time,171,ms
3,Lit,navigate-to-detail,2025-12-14T00:36:42.769Z,detail_lcp,88,ms
3,Lit,navigate-to-detail,2025-12-14T00:36:42.769Z,detail_cls,0,score
3,Lit,navigate-to-detail,2025-12-14T00:36:42.769Z,memory_delta,0,bytes
3,Lit,navigate-to-detail,2025-12-14T00:36:42.769Z,detail_request_count,5,count
3,Lit,navigate-to-detail,2025-12-14T00:36:42.769Z,detail_total_bytes,25714,bytes
4,Lit,navigate-to-detail,2025-12-14T00:36:46.266Z,total_navigation_time,169,ms
4,Lit,navigate-to-detail,2025-12-14T00:36:46.266Z,detail_lcp,88,ms
4,Lit,navigate-to-detail,2025-12-14T00:36:46.266Z,detail_cls,0,score
4,Lit,navigate-to-detail,2025-12-14T00:36:46.266Z,memory_delta,0,bytes
4,Lit,navigate-to-detail,2025-12-14T00:36:46.266Z,detail_request_count,5,count
4,Lit,navigate-to-detail,2025-12-14T00:36:46.266Z,detail_total_bytes,25714,bytes
5,Lit,navigate-to-detail,2025-12-14T00:36:49.747Z,total_navigation_time,164,ms
5,Lit,navigate-to-detail,2025-12-14T00:36:49.747Z,detail_lcp,84,ms
5,Lit,navigate-to-detail,2025-12-14T00:36:49.747Z,detail_cls,0,score
5,Lit,navigate-to-detail,2025-12-14T00:36:49.747Z,memory_delta,0,bytes
5,Lit,navigate-to-detail,2025-12-14T00:36:49.747Z,detail_request_count,5,count
5,Lit,navigate-to-detail,2025-12-14T00:36:49.747Z,detail_total_bytes,25714,bytes
1,Lit,navigate-back-to-list,2025-12-14T00:36:54.360Z,total_back_navigation_time,346,ms
1,Lit,navigate-back-to-list,2025-12-14T00:36:54.360Z,rendered_row_count,50,count
1,Lit,navigate-back-to-list,2025-12-14T00:36:54.360Z,memory_delta,0,bytes
2,Lit,navigate-back-to-list,2025-12-14T00:36:58.688Z,total_back_navigation_time,339,ms
2,Lit,navigate-back-to-list,2025-12-14T00:36:58.688Z,rendered_row_count,50,count
2,Lit,navigate-back-to-list,2025-12-14T00:36:58.688Z,memory_delta,0,bytes
3,Lit,navigate-back-to-list,2025-12-14T00:37:03.042Z,total_back_navigation_time,373,ms
3,Lit,navigate-back-to-list,2025-12-14T00:37:03.042Z,rendered_row_count,50,count
3,Lit,navigate-back-to-list,2025-12-14T00:37:03.042Z,memory_delta,0,bytes
4,Lit,navigate-back-to-list,2025-12-14T00:37:07.392Z,total_back_navigation_time,335,ms
4,Lit,navigate-back-to-list,2025-12-14T00:37:07.392Z,rendered_row_count,50,count
4,Lit,navigate-back-to-list,2025-12-14T00:37:07.392Z,memory_delta,0,bytes
5,Lit,navigate-back-to-list,2025-12-14T00:37:11.704Z,total_back_navigation_time,337,ms
5,Lit,navigate-back-to-list,2025-12-14T00:37:11.704Z,rendered_row_count,50,count
5,Lit,navigate-back-to-list,2025-12-14T00:37:11.704Z,memory_delta,0,bytes
1,Lit,pagination-cycle,2025-12-14T00:37:16.801Z,page_transition_1_next,346,ms
1,Lit,pagination-cycle,2025-12-14T00:37:16.801Z,page_transition_1_next_js,376.4000000000233,ms
1,Lit,pagination-cycle,2025-12-14T00:37:16.801Z,page_transition_2_next,371,ms
1,Lit,pagination-cycle,2025-12-14T00:37:16.801Z,page_transition_2_next_js,400.5,ms
1,Lit,pagination-cycle,2025-12-14T00:37:16.801Z,page_transition_3_previous,343,ms
1,Lit,pagination-cycle,2025-12-14T00:37:16.801Z,page_transition_3_previous_js,380.5,ms
1,Lit,pagination-cycle,2025-12-14T00:37:16.801Z,page_transition_4_previous,367,ms
1,Lit,pagination-cycle,2025-12-14T00:37:16.801Z,page_transition_4_previous_js,401.0999999999767,ms
1,Lit,pagination-cycle,2025-12-14T00:37:16.801Z,total_cycle_time,1886,ms
1,Lit,pagination-cycle,2025-12-14T00:37:16.801Z,total_cycle_js_time,1911.0999999999767,ms
1,Lit,pagination-cycle,2025-12-14T00:37:16.801Z,avg_page_transition,356.75,ms
1,Lit,pagination-cycle,2025-12-14T00:37:16.801Z,min_page_transition,343,ms
1,Lit,pagination-cycle,2025-12-14T00:37:16.801Z,max_page_transition,371,ms
1,Lit,pagination-cycle,2025-12-14T00:37:16.801Z,avg_api_response_time,19.5,ms
1,Lit,pagination-cycle,2025-12-14T00:37:16.801Z,total_api_requests,4,count
1,Lit,pagination-cycle,2025-12-14T00:37:16.801Z,total_network_bytes,277755,bytes
1,Lit,pagination-cycle,2025-12-14T00:37:16.801Z,memory_delta,0,bytes
2,Lit,pagination-cycle,2025-12-14T00:37:21.584Z,page_transition_1_next,346,ms
2,Lit,pagination-cycle,2025-12-14T00:37:21.584Z,page_transition_1_next_js,346.9000000000233,ms
2,Lit,pagination-cycle,2025-12-14T00:37:21.584Z,page_transition_2_next,397,ms
2,Lit,pagination-cycle,2025-12-14T00:37:21.584Z,page_transition_2_next_js,437.19999999995343,ms
2,Lit,pagination-cycle,2025-12-14T00:37:21.584Z,page_transition_3_previous,385,ms
2,Lit,pagination-cycle,2025-12-14T00:37:21.584Z,page_transition_3_previous_js,407.5999999999767,ms
2,Lit,pagination-cycle,2025-12-14T00:37:21.584Z,page_transition_4_previous,391,ms
2,Lit,pagination-cycle,2025-12-14T00:37:21.584Z,page_transition_4_previous_js,413.5,ms
2,Lit,pagination-cycle,2025-12-14T00:37:21.584Z,total_cycle_time,1886,ms
2,Lit,pagination-cycle,2025-12-14T00:37:21.584Z,total_cycle_js_time,1908.5,ms
2,Lit,pagination-cycle,2025-12-14T00:37:21.584Z,avg_page_transition,379.75,ms
2,Lit,pagination-cycle,2025-12-14T00:37:21.584Z,min_page_transition,346,ms
2,Lit,pagination-cycle,2025-12-14T00:37:21.584Z,max_page_transition,397,ms
2,Lit,pagination-cycle,2025-12-14T00:37:21.584Z,avg_api_response_time,22.25,ms
2,Lit,pagination-cycle,2025-12-14T00:37:21.584Z,total_api_requests,4,count
2,Lit,pagination-cycle,2025-12-14T00:37:21.584Z,total_network_bytes,277755,bytes
2,Lit,pagination-cycle,2025-12-14T00:37:21.584Z,memory_delta,0,bytes
3,Lit,pagination-cycle,2025-12-14T00:37:26.397Z,page_transition_1_next,350,ms
3,Lit,pagination-cycle,2025-12-14T00:37:26.397Z,page_transition_1_next_js,395.60000000009313,ms
3,Lit,pagination-cycle,2025-12-14T00:37:26.397Z,page_transition_2_next,358,ms
3,Lit,pagination-cycle,2025-12-14T00:37:26.397Z,page_transition_2_next_js,398.79999999993015,ms
3,Lit,pagination-cycle,2025-12-14T00:37:26.397Z,page_transition_3_previous,362,ms
3,Lit,pagination-cycle,2025-12-14T00:37:26.397Z,page_transition_3_previous_js,387.79999999993015,ms
3,Lit,pagination-cycle,2025-12-14T00:37:26.397Z,page_transition_4_previous,355,ms
3,Lit,pagination-cycle,2025-12-14T00:37:26.397Z,page_transition_4_previous_js,388,ms
3,Lit,pagination-cycle,2025-12-14T00:37:26.397Z,total_cycle_time,1885,ms
3,Lit,pagination-cycle,2025-12-14T00:37:26.397Z,total_cycle_js_time,1923.8999999999069,ms
3,Lit,pagination-cycle,2025-12-14T00:37:26.397Z,avg_page_transition,356.25,ms
3,Lit,pagination-cycle,2025-12-14T00:37:26.397Z,min_page_transition,350,ms
3,Lit,pagination-cycle,2025-12-14T00:37:26.397Z,max_page_transition,362,ms
3,Lit,pagination-cycle,2025-12-14T00:37:26.397Z,avg_api_response_time,23.75,ms
3,Lit,pagination-cycle,2025-12-14T00:37:26.397Z,total_api_requests,4,count
3,Lit,pagination-cycle,2025-12-14T00:37:26.397Z,total_network_bytes,277755,bytes
3,Lit,pagination-cycle,2025-12-14T00:37:26.397Z,memory_delta,0,bytes
4,Lit,pagination-cycle,2025-12-14T00:37:31.219Z,page_transition_1_next,309,ms
4,Lit,pagination-cycle,2025-12-14T00:37:31.219Z,page_transition_1_next_js,309.5999999999767,ms
4,Lit,pagination-cycle,2025-12-14T00:37:31.219Z,page_transition_2_next,434,ms
4,Lit,pagination-cycle,2025-12-14T00:37:31.219Z,page_transition_2_next_js,458.80000000004657,ms
4,Lit,pagination-cycle,2025-12-14T00:37:31.219Z,page_transition_3_previous,408,ms
4,Lit,pagination-cycle,2025-12-14T00:37:31.219Z,page_transition_3_previous_js,432.5999999999767,ms
4,Lit,pagination-cycle,2025-12-14T00:37:31.219Z,page_transition_4_previous,353,ms
4,Lit,pagination-cycle,2025-12-14T00:37:31.219Z,page_transition_4_previous_js,374.5,ms
4,Lit,pagination-cycle,2025-12-14T00:37:31.219Z,total_cycle_time,1877,ms
4,Lit,pagination-cycle,2025-12-14T00:37:31.219Z,total_cycle_js_time,1916.9000000000233,ms
4,Lit,pagination-cycle,2025-12-14T00:37:31.219Z,avg_page_transition,376,ms
4,Lit,pagination-cycle,2025-12-14T00:37:31.219Z,min_page_transition,309,ms
4,Lit,pagination-cycle,2025-12-14T00:37:31.219Z,max_page_transition,434,ms
4,Lit,pagination-cycle,2025-12-14T00:37:31.219Z,avg_api_response_time,25.25,ms
4,Lit,pagination-cycle,2025-12-14T00:37:31.219Z,total_api_requests,4,count
4,Lit,pagination-cycle,2025-12-14T00:37:31.219Z,total_network_bytes,277755,bytes
4,Lit,pagination-cycle,2025-12-14T00:37:31.219Z,memory_delta,0,bytes
5,Lit,pagination-cycle,2025-12-14T00:37:36.010Z,page_transition_1_next,334,ms
5,Lit,pagination-cycle,2025-12-14T00:37:36.010Z,page_transition_1_next_js,381.4000000000233,ms
5,Lit,pagination-cycle,2025-12-14T00:37:36.010Z,page_transition_2_next,372,ms
5,Lit,pagination-cycle,2025-12-14T00:37:36.010Z,page_transition_2_next_js,397.80000000004657,ms
5,Lit,pagination-cycle,2025-12-14T00:37:36.010Z,page_transition_3_previous,371,ms
5,Lit,pagination-cycle,2025-12-14T00:37:36.010Z,page_transition_3_previous_js,395.5999999999767,ms
5,Lit,pagination-cycle,2025-12-14T00:37:36.010Z,page_transition_4_previous,362,ms
5,Lit,pagination-cycle,2025-12-14T00:37:36.010Z,page_transition_4_previous_js,387.69999999995343,ms
5,Lit,pagination-cycle,2025-12-14T00:37:36.010Z,total_cycle_time,1897,ms
5,Lit,pagination-cycle,2025-12-14T00:37:36.010Z,total_cycle_js_time,1922.5999999999767,ms
5,Lit,pagination-cycle,2025-12-14T00:37:36.010Z,avg_page_transition,359.75,ms
5,Lit,pagination-cycle,2025-12-14T00:37:36.010Z,min_page_transition,334,ms
5,Lit,pagination-cycle,2025-12-14T00:37:36.010Z,max_page_transition,372,ms
5,Lit,pagination-cycle,2025-12-14T00:37:36.010Z,avg_api_response_time,22.5,ms
5,Lit,pagination-cycle,2025-12-14T00:37:36.010Z,total_api_requests,4,count
5,Lit,pagination-cycle,2025-12-14T00:37:36.010Z,total_network_bytes,277755,bytes
5,Lit,pagination-cycle,2025-12-14T00:37:36.010Z,memory_delta,0,bytes
1,Lit,detail-navigation-cycle,2025-12-14T00:37:38.887Z,initial_detail_load,629,ms
1,Lit,detail-navigation-cycle,2025-12-14T00:37:38.887Z,next_navigation_time,17,ms
1,Lit,detail-navigation-cycle,2025-12-14T00:37:38.887Z,next_navigation_js,20.5,ms
1,Lit,detail-navigation-cycle,2025-12-14T00:37:38.887Z,prev_navigation_time,12,ms
1,Lit,detail-navigation-cycle,2025-12-14T00:37:38.887Z,prev_navigation_js,14,ms
1,Lit,detail-navigation-cycle,2025-12-14T00:37:38.887Z,total_cycle_time,342,ms
1,Lit,detail-navigation-cycle,2025-12-14T00:37:38.887Z,total_cycle_js_time,342.60000000009313,ms
1,Lit,detail-navigation-cycle,2025-12-14T00:37:38.887Z,avg_navigation_time,14.5,ms
1,Lit,detail-navigation-cycle,2025-12-14T00:37:38.887Z,avg_api_response_time,1.75,ms
1,Lit,detail-navigation-cycle,2025-12-14T00:37:38.887Z,total_api_requests,5,count
1,Lit,detail-navigation-cycle,2025-12-14T00:37:38.887Z,total_network_bytes,19742,bytes
1,Lit,detail-navigation-cycle,2025-12-14T00:37:38.887Z,memory_delta,0,bytes
2,Lit,detail-navigation-cycle,2025-12-14T00:37:41.489Z,initial_detail_load,638,ms
2,Lit,detail-navigation-cycle,2025-12-14T00:37:41.489Z,next_navigation_time,10,ms
2,Lit,detail-navigation-cycle,2025-12-14T00:37:41.489Z,next_navigation_js,13.099999999976717,ms
2,Lit,detail-navigation-cycle,2025-12-14T00:37:41.489Z,prev_navigation_time,12,ms
2,Lit,detail-navigation-cycle,2025-12-14T00:37:41.489Z,prev_navigation_js,13.599999999976717,ms
2,Lit,detail-navigation-cycle,2025-12-14T00:37:41.489Z,total_cycle_time,335,ms
2,Lit,detail-navigation-cycle,2025-12-14T00:37:41.489Z,total_cycle_js_time,336,ms
2,Lit,detail-navigation-cycle,2025-12-14T00:37:41.489Z,avg_navigation_time,11,ms
2,Lit,detail-navigation-cycle,2025-12-14T00:37:41.489Z,avg_api_response_time,1.75,ms
2,Lit,detail-navigation-cycle,2025-12-14T00:37:41.489Z,total_api_requests,5,count
2,Lit,detail-navigation-cycle,2025-12-14T00:37:41.489Z,total_network_bytes,19742,bytes
2,Lit,detail-navigation-cycle,2025-12-14T00:37:41.489Z,memory_delta,0,bytes
3,Lit,detail-navigation-cycle,2025-12-14T00:37:44.086Z,initial_detail_load,641,ms
3,Lit,detail-navigation-cycle,2025-12-14T00:37:44.086Z,next_navigation_time,8,ms
3,Lit,detail-navigation-cycle,2025-12-14T00:37:44.086Z,next_navigation_js,10.900000000023283,ms
3,Lit,detail-navigation-cycle,2025-12-14T00:37:44.086Z,prev_navigation_time,12,ms
3,Lit,detail-navigation-cycle,2025-12-14T00:37:44.086Z,prev_navigation_js,13.800000000046566,ms
3,Lit,detail-navigation-cycle,2025-12-14T00:37:44.086Z,total_cycle_time,332,ms
3,Lit,detail-navigation-cycle,2025-12-14T00:37:44.086Z,total_cycle_js_time,332.10000000009313,ms
3,Lit,detail-navigation-cycle,2025-12-14T00:37:44.086Z,avg_navigation_time,10,ms
3,Lit,detail-navigation-cycle,2025-12-14T00:37:44.086Z,avg_api_response_time,1.5,ms
3,Lit,detail-navigation-cycle,2025-12-14T00:37:44.086Z,total_api_requests,5,count
3,Lit,detail-navigation-cycle,2025-12-14T00:37:44.086Z,total_network_bytes,19742,bytes
3,Lit,detail-navigation-cycle,2025-12-14T00:37:44.086Z,memory_delta,0,bytes
4,Lit,detail-navigation-cycle,2025-12-14T00:37:46.687Z,initial_detail_load,637,ms
4,Lit,detail-navigation-cycle,2025-12-14T00:37:46.687Z,next_navigation_time,19,ms
4,Lit,detail-navigation-cycle,2025-12-14T00:37:46.687Z,next_navigation_js,22.199999999953434,ms
4,Lit,detail-navigation-cycle,2025-12-14T00:37:46.687Z,prev_navigation_time,13,ms
4,Lit,detail-navigation-cycle,2025-12-14T00:37:46.687Z,prev_navigation_js,13.79999999993015,ms
4,Lit,detail-navigation-cycle,2025-12-14T00:37:46.687Z,total_cycle_time,342,ms
4,Lit,detail-navigation-cycle,2025-12-14T00:37:46.687Z,total_cycle_js_time,343,ms
4,Lit,detail-navigation-cycle,2025-12-14T00:37:46.687Z,avg_navigation_time,16,ms
4,Lit,detail-navigation-cycle,2025-12-14T00:37:46.687Z,avg_api_response_time,1.75,ms
4,Lit,detail-navigation-cycle,2025-12-14T00:37:46.687Z,total_api_requests,5,count
4,Lit,detail-navigation-cycle,2025-12-14T00:37:46.687Z,total_network_bytes,19742,bytes
4,Lit,detail-navigation-cycle,2025-12-14T00:37:46.687Z,memory_delta,0,bytes
5,Lit,detail-navigation-cycle,2025-12-14T00:37:49.299Z,initial_detail_load,639,ms
5,Lit,detail-navigation-cycle,2025-12-14T00:37:49.299Z,next_navigation_time,23,ms
5,Lit,detail-navigation-cycle,2025-12-14T00:37:49.299Z,next_navigation_js,25.900000000023283,ms
5,Lit,detail-navigation-cycle,2025-12-14T00:37:49.299Z,prev_navigation_time,7,ms
5,Lit,detail-navigation-cycle,2025-12-14T00:37:49.299Z,prev_navigation_js,7.5,ms
5,Lit,detail-navigation-cycle,2025-12-14T00:37:49.299Z,total_cycle_time,340,ms
5,Lit,detail-navigation-cycle,2025-12-14T00:37:49.299Z,total_cycle_js_time,343.0999999999767,ms
5,Lit,detail-navigation-cycle,2025-12-14T00:37:49.299Z,avg_navigation_time,15,ms
5,Lit,detail-navigation-cycle,2025-12-14T00:37:49.299Z,avg_api_response_time,1,ms
5,Lit,detail-navigation-cycle,2025-12-14T00:37:49.299Z,total_api_requests,5,count
5,Lit,detail-navigation-cycle,2025-12-14T00:37:49.299Z,total_network_bytes,19742,bytes
5,Lit,detail-navigation-cycle,2025-12-14T00:37:49.299Z,memory_delta,0,bytes